C001;C002;C003;C004;C005;C006;C007;C008;C009;C010;C011;C012;C013;C014;C015;C016;C017;C018;C019;C020;C021;C022;C023;C024;C025;C026;C027;C028;C029;C030;C031;C032;C033;C034;C035;C036;C037;C038;C039;C040;C041;C042;C043;C044;C045;C046;C047;C048;C049;C050;C051;C052;C053;C054;C055;C056;C057;C058;C059;C060;C061;C062;C063;C064;C065;C066;C067;C068;C069;C070;C071;C072;C073;C074;C075;C076;C077;C078;C079;C080;C081;C116;C082;C083;C084;C085;C086;C087;C088;C089;C090;C091;C092;C093;C094;C095;C096;C097;C098;C099;C100;C101;C102;C103;C104;C105;C106;C107;C108;C109;C110;C111;C112;C113;C114;C115;
;;;;;;;;;Adult living habitat;;;;;;Adult living depth (soil or water, cm);;;;;;;Adult body size (mm);;;;;;;Longevity (yr);;;;;;Seasonal activty pattern;;;;;;Daily activity pattern;;;Feeding mode;;;;;;;Adult locomotion;;;;;;;;;;Reproductive mode;;;;;;;Reproductive season;;;;;Reproduction frequency;;;;;Larval/juvenile development location;;;;;;Offspring size (mm);;;;;Age of sexual maturation;;;;;;;;Fecundity;;;;;;;;Overwintering stage;;;;;Overwintering location;;;;;;Proxy species
Taxon_ID;Phylum;Class;Order;Family;Subfamily;Genus;Species;Reference_ID beach/ embryonic/white dunes;litter-associated;soil-dwelling;burrow-associated;vegetation;water;RID;surface;>0 and ? 3;>3 and ? 8;>8 and ? 15;>15 and ? 25;>25;RID;>0.5 and ? 2;>2 and ? 5;>5 and ? 15;>15 and ? 30;>30 and ? 50 mm;>50mm;RID;?0.25;>0.25 and ? 0.5;>0.5 and ? 1;>1 and ? 3;> 3;RID;Eurychorne;Stenochrone MJ;Stenochrone JS;Stenochrone SM;Diplochrone;RID;Diurnal;Nocturnal;RID;microbivore;detrivore;herbivore;granivore;predator;omnivore;RID;Surface runners/walkers;Climbing (on vegetation);Sand swimming/subsurface crawling;(Limited) flyers;Bioturbation and burrowing;Jumper;Low mobility;Ballooning;Swimming/floating;RID;Parthenogesis;Oviposition (unprotected);Oviposition (protected);Ovigerous;Ovoviviparous;Parental care;RID;Winter;Spring;Summer;Autumn;RID;Multivoltine;Univoltine;Semivoltine;Semelparous;RID;Soil-dwelling;Litter-associated;Burrow-associated;On parent;(water)Vegetation;RID;? 0.1 mm;> 0.1 – ? 0.5 mm;> 0.5 – ? 1.5 mm;> 1.5 mm;RID;?7 days ;>7 days - 1month;>1 - 3 months;>3 - 6 months;>6-9 months;>9-12 months;>1 year;RID;?1 and ? 5;>6 and ? 20;>21 and ? 50;>51 and ? 150;>151 and ? 500;>501 and ? 1000;>1000;RID;egg;pop;larvae/nymph;adult;RID;Soil;In vegetation;Litter/dead wood;Nests of other animals;Water;RID;
W001;Arthropoda;Malacostraca;Amphipoda;Talitridae;;;;;2;1;1;1;0;24,26,27,29,33;0;2;2;2;1;1;"26;e";0;0;1;2;0;0;19,23,30,33,34;0;1;2;1;0;25,26,29,33;1;2;2;1;0;25,31,32,33;0;3;27;0;3;0;0;0;0;26,29,33,34;0;0;0;0;2;2;0;0;1;26;0;0;0;3;0;0;25,29,33;1;2;2;1;25,26,32,33;2;1;0;0;25,26,30,33;0;3;0;0;0;26,27;0;1;2;1;25,26,29,32,33;0;0;2;2;NF;NF;0;25,32,33;3;0;0;0;0;0;0;28,29,33,34;NF;0;NF;NF;NF;NF;NF;NF;NF;NF;NF;
W002;Arthropoda;Malacostraca;Amphipoda;Talitridae;Talitrinae;Deshayesorchestia;Deshayesorchestia deshayesii;19;2;0;1;0;0;26,29;0;2;2;2;1;1;"26;e";0;0;2;2;0;0;23,30;0;2;2;0;0;26,29,30;0;3;0;0;0;31;0;3;27;0;3;0;0;0;0;29;0;0;0;0;2;2;0;0;1;26;0;0;0;3;0;0;29;0;2;2;2;26;3;0;0;0;26,30;0;3;0;0;0;"26;e";0;2;2;0;29;0;0;3;0;NF;NF;0;"25;c";3;0;0;0;0;0;0;29;NF;NF;NF;NF;NF;NF;NF;NF;NF;NF;NF;
W003;Arthropoda;Arachnida;Araneae;Agelenidae;;;;4,14,16;NF;NF;NF;NF;0;NF;NF;NF;NF;NF;NF;NF;NF;NF;NF;NF;NF;NF;NF;NF;NF;NF;NF;NF;NF;NF;NF;NF;NF;NF;NF;NF;0;3;183;0;0;0;0;3;0;37;NF;NF;NF;NF;NF;NF;NF;NF;NF;NF;NF;NF;NF;NF;NF;NF;NF;NF;NF;NF;NF;NF;NF;NF;NF;NF;NF;NF;NF;NF;0;NF;NF;NF;NF;NF;NF;NF;NF;NF;NF;NF;NF;NF;NF;NF;NF;NF;NF;NF;NF;NF;NF;NF;NF;NF;NF;NF;NF;NF;NF;NF;NF;NF;NF;
W004;Arthropoda;Arachnida;Araneae;Cheiracanthiidae;Cheiracanthiinae;Cheiracanthium;;;NF;2;NF;2;0;"46;q, 49;q";NF;NF;NF;NF;NF;NF;NF;0;0;3;0;0;0;46;NF;NF;NF;NF;NF;NF;NF;NF;NF;NF;NF;NF;0;3;"23, 46;q, 49;q";0;0;0;0;3;0;37;3;NF;NF;NF;NF;NF;NF;0;NF;"49;q";0;0;3;0;0;0;181.182;0;0;3;0;181;NF;NF;NF;NF;NF;NF;NF;NF;0;NF;NF;NF;NF;NF;NF;NF;NF;NF;NF;NF;NF;NF;NF;NF;NF;NF;NF;NF;NF;NF;NF;NF;NF;NF;NF;NF;NF;NF;NF;NF;NF;NF;NF;
W005;Arthropoda;Arachnida;Araneae;Clubionidae;;;;;1;2;0;2;0;"46;q, 182";2;1;0;0;0;0;182;0;2;2;0;0;0;46, 182;NF;NF;NF;NF;NF;NF;0;2;2;1;0;182;0;3;"23, 46;q, 182";0;0;0;0;3;0;37;2;1;0;0;0;0;0;1;0;"46;q, 182";0;0;2;0;0;2;182;NF;NF;NF;NF;NF;NF;NF;NF;NF;NF;0;1;0;0;2;90, 182;NF;NF;NF;NF;NF;NF;NF;NF;NF;NF;NF;NF;NF;NF;NF;NF;NF;NF;NF;NF;NF;NF;NF;NF;NF;NF;NF;NF;NF;NF;NF;NF;
W006;Arthropoda;Arachnida;Araneae;Clubionidae;Clubioninae;Clubiona;;2,3,4,14,16,21;1;2;0;2;0;"46;q, 182";2;1;0;0;0;0;182;0;2;2;0;0;0;46;NF;NF;NF;NF;NF;NF;0;2;2;1;0;182;0;3;"23, 46;q, 182";0;0;0;0;3;0;37;2;1;0;0;0;0;0;1;0;"46;q, 182";0;0;2;0;0;2;182;NF;NF;NF;NF;NF;NF;NF;NF;NF;NF;0;0;0;0;2;90, 182;NF;NF;NF;NF;NF;NF;NF;NF;NF;NF;NF;NF;NF;NF;NF;NF;NF;NF;NF;NF;NF;NF;NF;NF;NF;NF;NF;NF;NF;NF;NF;NF;
W007;Arthropoda;Arachnida;Araneae;Clubionidae;Clubioninae;Clubiona;Clubiona lutescens;;NF;NF;NF;2;0;46;NF;NF;NF;NF;NF;NF;NF;0;0;3;0;0;0;46;NF;NF;NF;NF;NF;NF;NF;NF;NF;NF;NF;NF;0;3;23,  46;0;0;0;0;3;0;37;NF;NF;NF;NF;NF;NF;NF;NF;NF;NF;NF;NF;NF;NF;NF;NF;NF;NF;NF;NF;NF;NF;NF;NF;NF;NF;NF;NF;NF;NF;0;NF;NF;NF;NF;NF;NF;NF;NF;NF;NF;NF;NF;NF;NF;NF;NF;NF;NF;NF;NF;NF;NF;NF;NF;NF;NF;NF;NF;NF;NF;NF;NF;NF;NF;
W008;Arthropoda;Arachnida;Araneae;Gnaphosidae;Zelotinae;Trachyzelotes;Trachyzelotes pedestris;;0;2;0;1;0;46, 49;NF;NF;NF;NF;NF;NF;NF;0;0;3;0;0;0;46;NF;NF;NF;NF;NF;NF;NF;NF;NF;NF;NF;NF;1;2;23, 49;0;0;0;0;3;0;37;NF;NF;NF;NF;NF;NF;NF;0;NF;49;NF;NF;NF;NF;NF;NF;NF;NF;NF;NF;NF;NF;NF;NF;NF;NF;NF;NF;NF;NF;0;NF;NF;NF;NF;NF;NF;NF;NF;NF;NF;NF;NF;NF;NF;NF;NF;NF;NF;NF;NF;NF;NF;NF;NF;NF;NF;NF;NF;NF;NF;NF;NF;NF;NF;
W009;Arthropoda;Arachnida;Araneae;Gnaphosidae;Zelotinae;Zelotes;Zelotes electus;;2;2;0;2;0;46.182;2;2;0;0;0;0;182;0;2;2;0;0;0;46, 182;NF;NF;NF;NF;NF;NF;0;3;0;0;0;182;0;3;182;0;0;0;0;3;0;37,46;2;2;0;0;0;0;0;1;0;46.182;0;0;2;0;0;2;182;NF;NF;NF;NF;NF;NF;NF;NF;NF;NF;3;0;0;0;0;182;NF;NF;NF;NF;NF;NF;NF;NF;NF;NF;NF;NF;NF;NF;NF;NF;NF;NF;NF;NF;NF;NF;NF;NF;NF;NF;NF;NF;NF;NF;NF;NF;
W010;Arthropoda;Arachnida;Araneae;Linyphiidae;;;;2,3,4,14,15,16,21;1;0;0;2;0;"46;q, 90, 181";3;0;0;0;0;0;181;2;2;1;0;0;0;46, 181;0;0;3;0;0;181;2;1;1;1;1;90;2;2;46;0;0;0;0;3;0;37, 181;1;2;0;0;0;0;0;1;0;46, 90, 181, 182;0;0;2;0;0;1;90;NF;NF;NF;NF;NF;NF;NF;NF;NF;NF;0;2;0;0;1;90;NF;NF;NF;NF;NF;NF;NF;NF;NF;NF;NF;NF;NF;NF;NF;NF;NF;NF;NF;NF;NF;NF;NF;NF;NF;NF;NF;NF;NF;NF;NF;NF;
W011;Arthropoda;Arachnida;Araneae;Linyphiidae;Erigoninae;Oedothorax;Oedothorax fuscus;;NF;2;NF;2;0;46, 49;NF;NF;NF;NF;NF;NF;NF;1;2;0;0;0;0;46;NF;NF;NF;NF;NF;NF;NF;NF;NF;NF;NF;NF;1;2;49;0;0;0;0;3;0;37, 46;2;NF;NF;NF;NF;NF;NF;2;NF;46, 49;NF;NF;NF;NF;NF;NF;NF;NF;NF;NF;NF;NF;NF;NF;NF;NF;NF;NF;NF;NF;0;NF;NF;NF;NF;NF;NF;NF;NF;NF;NF;NF;NF;NF;NF;NF;NF;NF;NF;NF;NF;NF;NF;NF;NF;NF;NF;NF;NF;NF;NF;NF;NF;NF;NF;
W012;Arthropoda;Arachnida;Araneae;Linyphiidae;Erigoninae;Oedothorax;Oedothorax retusus;;NF;2;NF;2;0;46;NF;NF;NF;NF;NF;NF;NF;0;3;0;0;0;0;46;NF;NF;NF;NF;NF;NF;NF;NF;NF;NF;NF;NF;NF;NF;NF;0;0;0;0;3;0;37,46;2;NF;NF;NF;NF;NF;NF;1;NF;46;NF;NF;NF;NF;NF;NF;NF;NF;NF;NF;NF;NF;NF;NF;NF;NF;NF;NF;NF;NF;0;NF;NF;NF;NF;NF;NF;NF;NF;NF;NF;NF;NF;NF;NF;NF;NF;NF;NF;NF;NF;NF;NF;NF;NF;NF;NF;NF;NF;NF;NF;NF;NF;NF;NF;
W013;Arthropoda;Arachnida;Araneae;Liocranidae;Liocraninae;Agroeca;;;NF;2;NF;2;0;"46;q";NF;NF;NF;NF;NF;NF;NF;0;2;2;0;0;0;46;0;0;0;3;0;122;0;0;0;2;1;122;0;3;122;0;0;0;0;3;0;37;NF;NF;NF;NF;NF;NF;NF;1;NF;"46;q";NF;NF;NF;NF;NF;NF;NF;NF;NF;NF;NF;NF;NF;NF;NF;NF;NF;NF;NF;NF;0;NF;NF;NF;NF;NF;NF;NF;NF;NF;NF;NF;NF;NF;NF;NF;NF;NF;NF;NF;NF;NF;NF;NF;NF;NF;NF;NF;NF;NF;NF;NF;NF;NF;NF;
W014;Arthropoda;Arachnida;Araneae;Lycosidae ;;;;2,3,4,14,16,17,21;1;2;1;1;0;"46;q, 181";3;0;0;0;0;0;181;0;1;2;1;0;0;46;NF;NF;NF;NF;NF;NF;0;2;2;0;0;181;2;2;"46;q, 181";0;0;0;0;3;0;37, 181;2;1;0;0;1;1;0;1;1;"46;q, 181, 182";0;0;1;2;0;2;181, 182;NF;NF;NF;NF;NF;NF;NF;NF;NF;NF;0;0;0;3;0;182;NF;NF;NF;NF;NF;0;0;0;0;0;0;3;182;NF;NF;NF;NF;NF;NF;NF;NF;NF;NF;NF;NF;NF;NF;NF;NF;NF;NF;NF;
W015;Arthropoda;Arachnida;Araneae;Lycosidae ;Lycosinae;Trochosa;;;NF;2;NF;1;0;"46;q, 49;q"; ;NF;NF;NF;NF;NF;NF;0;0;3;0;0;0;46;NF;NF;NF;NF;NF;NF;NF;NF;NF;NF;NF;NF;0;3;"46, 49;q";0;0;0;0;3;0;37;NF;2;NF;NF;NF;NF;NF;1;NF;"46;q, 49;q";NF;NF;NF;NF;NF;NF;NF;NF;NF;NF;NF;NF;NF;NF;NF;NF;NF;NF;NF;NF;0;NF;NF;NF;NF;NF;NF;NF;NF;NF;NF;NF;NF;NF;NF;NF;NF;NF;NF;NF;NF;NF;NF;NF;NF;NF;NF;NF;NF;NF;NF;NF;NF;NF;NF;
W016;Arthropoda;Arachnida;Araneae;Lycosidae ;Lycosinae;Alopecosa;Alopecosa pulverulenta;;NF;2;NF;1;0;46, 49;NF;NF;NF;NF;NF;NF;NF;0;0;3;0;0;0;46;NF;NF;NF;NF;NF;NF;NF;NF;NF;NF;NF;NF;2;2;49;0;0;0;0;3;0;37;2;NF;NF;NF;NF;NF;NF;1;NF;46, 49;NF;NF;NF;NF;NF;NF;NF;NF;NF;NF;NF;NF;NF;NF;NF;NF;NF;NF;NF;NF;0;NF;NF;NF;NF;NF;NF;NF;NF;NF;NF;NF;NF;NF;NF;NF;NF;NF;NF;NF;NF;NF;NF;NF;NF;NF;NF;NF;NF;NF;NF;NF;NF;NF;NF;
W017;Arthropoda;Arachnida;Araneae;Lycosidae ;Pardosinae;Pardosa;;122;NF;2;NF;1;0;"46;q, 49;q";NF;NF;NF;NF;NF;NF;NF;0;2;2;0;0;0;46;NF;NF;NF;NF;NF;NF;NF;NF;NF;NF;NF;NF;1;2;"49;q";0;0;0;0;3;0;37;2;NF;NF;NF;NF;NF;NF;1;NF;"46;q, 49;q";NF;NF;NF;NF;NF;NF;NF;NF;NF;NF;NF;NF;NF;NF;NF;NF;NF;NF;NF;NF;0;NF;NF;NF;NF;NF;NF;NF;NF;NF;NF;NF;NF;NF;NF;NF;NF;NF;NF;NF;NF;NF;NF;NF;NF;NF;NF;NF;NF;NF;NF;NF;NF;NF;NF;
W018;Arthropoda;Arachnida;Araneae;Lycosidae ;Piratinae;Pirata;Pirata piraticus;;0;1;0;2;1;49, 182;3;0;0;0;0;0;"182;d";0;0;3;0;0;0;46, 181, 182;NF;NF;NF;NF;NF;NF;0;1;2;0;0;182;3;0;"46, 182;d";0;0;0;0;3;0;37, 182:d;2;0;0;0;0;0;0;1;0;"46, 49, 182;d";0;0;0;2;0;2;"182;d";NF;NF;NF;NF;NF;NF;NF;NF;NF;NF;0;0;0;3;0;"182;d";NF;NF;NF;NF;NF;NF;NF;NF;NF;NF;NF;NF;NF;NF;NF;NF;NF;NF;NF;NF;NF;NF;NF;NF;NF;NF;NF;NF;NF;NF;NF;NF;
W019;Arthropoda;Arachnida;Araneae;Lycosidae ;Piratinae;Piratula;Piratula latitans;;0;1;0;2;1;46, 49, 181, 182;3;0;0;0;0;0;"182;d";0;3;0;0;0;0;46, 181, 182;NF;NF;NF;NF;NF;NF;0;1;2;0;0;182;2;2;49;0;0;0;0;3;0;37;2;0;0;0;0;0;0;1;0;"46, 49, 182;d";0;0;0;2;0;2;"182;d";NF;NF;NF;NF;NF;NF;NF;NF;NF;NF;0;0;0;3;0;"182;d";NF;NF;NF;NF;NF;NF;NF;NF;NF;NF;NF;NF;NF;NF;NF;NF;NF;NF;NF;NF;NF;NF;NF;NF;NF;NF;NF;NF;NF;NF;NF;NF;
W020;Arthropoda;Arachnida;Araneae;Lycosidae ;Tricassinae;Arctosa;Arctosa leopardus;;2;2;0;1;0;"46;m, 88, 181";3;0;0;0;0;0;88, 182;0;0;3;0;0;0;46, 181, 182;NF;NF;NF;NF;NF;NF;0;1;2;0;0;88, 182;2;2;"182;d, 210;d";0;0;0;0;3;0;37, 182;2;1;0;0;0;0;0;1;0;46, 182;0;0;2;0;0;2;"182, 210;d";NF;NF;NF;NF;NF;NF;NF;NF;NF;NF;0;0;0;0;3;182;NF;NF;NF;NF;NF;NF;NF;NF;NF;NF;NF;NF;NF;NF;NF;NF;NF;NF;NF;NF;NF;NF;NF;NF;NF;NF;NF;NF;NF;NF;NF;NF;
W021;Arthropoda;Arachnida;Araneae;Lycosidae ;Tricassinae;Arctosa;Arctosa perita;;0;2;1;0;0;181, 182;2;0;0;0;0;2;181, 182, 211;0;0;3;0;0;0;;NF;NF;NF;NF;NF;NF;0;3;0;0;0;182;2;2;"182;d, 210;d";0;0;0;0;3;0;37, 182;2;0;0;0;1;0;0;1;0;46, 181, 182;0;0;2;0;0;2;"182, 210;d";NF;NF;NF;NF;NF;NF;NF;NF;NF;NF;0;0;3;0;0;181;NF;NF;NF;NF;NF;NF;NF;NF;NF;NF;NF;NF;NF;NF;NF;NF;NF;NF;NF;NF;NF;NF;NF;NF;NF;NF;NF;NF;NF;NF;NF;NF;
W022;Arthropoda;Arachnida;Araneae;Lycosidae ;Pardosinae;Pardosa;Pardosa monticola;;2;1;0;1;0;182;3;0;0;0;0;0;182;0;2;2;0;0;0;46, 181, 182;NF;NF;NF;NF;NF;NF;0;2;1;1;0;181, 182;3;0;"181;d, 182;d";0;0;0;0;3;0;37, 182;2;0;0;0;0;0;0;1;0;46, 181, 182;0;0;2;0;0;2;"182;d";NF;NF;NF;NF;NF;NF;NF;NF;NF;NF;0;0;0;3;0;"182;d";NF;NF;NF;NF;NF;NF;NF;NF;NF;NF;NF;NF;NF;NF;NF;NF;NF;NF;NF;NF;NF;NF;NF;NF;NF;NF;NF;NF;NF;NF;NF;NF;
W023;Arthropoda;Arachnida;Araneae;Lycosidae ;Pardosinae;Pardosa;Pardosa palustris;;2;1;0;2;0;"46, 182;d";3;0;0;0;0;0;182;0;0;3;0;0;0;46;NF;NF;NF;NF;NF;NF;0;1;2;1;0;182;3;0;"181;d, 182;d";0;0;0;0;3;0;37, 182;2;2;0;0;0;0;0;1;0;"46, 49;m, 181, 182";0;0;2;0;0;2;"182;d";NF;NF;NF;NF;NF;NF;NF;NF;NF;NF;0;0;0;3;0;"182;d";NF;NF;NF;NF;NF;NF;NF;NF;NF;NF;NF;NF;NF;NF;NF;NF;NF;NF;NF;NF;NF;NF;NF;NF;NF;NF;NF;NF;NF;NF;NF;NF;
W024;Arthropoda;Arachnida;Araneae;Philodromidae;Philodrominae;Tibellus;;;NF;NF;NF;3;0;"46;q, 49;q";NF;NF;NF;NF;NF;NF;NF;0;0;3;0;0;0;46;NF;NF;NF;NF;NF;NF;NF;NF;NF;NF;NF;NF;3;0;46;0;0;0;0;3;0;37;3;NF;NF;NF;NF;NF;NF;1;NF;"46;q, 49;q";NF;NF;NF;NF;NF;NF;NF;NF;NF;NF;NF;NF;NF;NF;NF;NF;NF;NF;NF;NF;0;NF;NF;NF;NF;NF;NF;NF;NF;NF;NF;NF;NF;NF;NF;NF;NF;NF;NF;NF;NF;NF;NF;NF;NF;NF;NF;NF;NF;NF;NF;NF;NF;NF;NF;Tibellus oblongus
W025;Arthropoda;Arachnida;Araneae;Philodromidae;Philodrominae;Rhysodromus;Rhysodromus fallax;;0;3;0;0;0;46, 181, 182;3;0;0;0;0;0;182;0;3;0;0;0;0;46, 181, 182;NF;NF;NF;NF;NF;NF;0;3;0;0;0;181.182;3;0;46;0;0;0;0;3;0;37, 182;2;0;0;0;0;1;0;0;0;181, 182;0;0;2;0;0;2;181;NF;NF;NF;NF;NF;NF;NF;NF;NF;NF;3;0;0;0;0;181;NF;NF;NF;NF;NF;NF;NF;NF;NF;NF;NF;NF;NF;NF;NF;NF;NF;NF;NF;NF;NF;NF;NF;NF;NF;NF;NF;NF;NF;NF;NF;NF;
W026;Arthropoda;Arachnida;Araneae;Philodromidae;Philodrominae;Thanatus;Thanatus striatus;;0;2;0;2;0;182;3;0;0;0;0;0;181, 182;0;3;0;0;0;0;46, 182;NF;NF;NF;NF;NF;NF;0;2;2;0;0;182;3;0;"182;e";0;0;0;0;3;0;37, 182;2;1;0;0;0;0;0;1;0;"182;m, 212;m";0;0;2;0;0;2;"182;a;m";NF;NF;NF;NF;NF;NF;NF;NF;NF;NF;0;2;0;0;2;"182;a;m";NF;NF;NF;NF;NF;NF;NF;NF;NF;NF;NF;NF;NF;NF;NF;NF;NF;NF;NF;NF;NF;NF;NF;NF;NF;NF;NF;NF;NF;NF;NF;NF;
W027;Arthropoda;Arachnida;Araneae;Theridiidae;Tetragnathinae;Pachygnatha;Pachygnatha clercki;2,3,14,16,21;2;1;0;2;0;46, 182;3;0;0;0;0;0;90, 181, 182;0;0;3;0;0;0;46, 181, 182;NF;NF;NF;NF;NF;NF;3;0;0;0;0;181, 182;3;0;"181;a, 182;a";0;0;0;0;3;0;37, 182;2;2;0;0;0;0;0;1;0;"46, 46;m, 181;a, 182;a";0;0;2;0;0;2;90;NF;NF;NF;NF;NF;NF;NF;NF;NF;NF;0;0;0;0;3;90;NF;NF;NF;NF;NF;NF;NF;NF;NF;NF;NF;NF;NF;NF;NF;NF;NF;NF;NF;NF;NF;NF;NF;NF;NF;NF;NF;NF;NF;NF;NF;NF;
W028;Arthropoda;Arachnida;Araneae;Thomisidae;Thomisinae;Xysticus;;;NF;2;NF;1;0;"49;q";NF;NF;NF;NF;NF;NF;NF;0;2;2;0;0;0;46;NF;NF;NF;NF;NF;NF;0;3;0;0;0;122;2;1;"49;q";0;0;0;0;3;0;37;2;NF;NF;NF;NF;NF;NF;1;NF;"46;q, 49;q";NF;NF;NF;NF;NF;NF;NF;NF;NF;NF;NF;NF;NF;NF;NF;NF;NF;NF;NF;NF;0;NF;NF;NF;NF;NF;NF;NF;NF;NF;NF;NF;NF;NF;NF;NF;NF;NF;NF;NF;NF;NF;NF;NF;NF;NF;NF;NF;NF;NF;NF;NF;NF;NF;NF;
W029;Arthropoda;Insecta;Coleoptera;Anthicidae;Anthicinae;Anthicus;Anthicus bimaculatus;;1;2;0;1;0;"208;d";2;1;0;0;0;0;"208;m";0;3;0;0;0;0;208;NF;NF;NF;NF;NF;NF;3;0;0;0;0;208;2;1;"208;m";0;3;0;0;0;0;"208;d";1;0;2;0;0;0;0;0;0;"208;m";0;3;0;0;0;0;"208;c";NF;NF;NF;NF;NF;NF;NF;NF;NF;NF;2;2;0;0;0;"208;c";NF;NF;NF;NF;NF;NF;NF;NF;NF;NF;NF;NF;NF;NF;NF;NF;NF;NF;NF;NF;NF;NF;NF;NF;NF;NF;NF;NF;NF;NF;NF;NF;
W030;Arthropoda;Insecta;Coleoptera;Anthicidae;Anthicinae;Notoxus;Notoxus monoceros;;NF;NF;NF;NF;NF;NF;NF;NF;NF;NF;NF;NF;NF;NF;NF;NF;NF;NF;NF;NF;NF;NF;NF;NF;NF;NF;NF;NF;NF;NF;NF;NF;NF;NF;NF;NF;NF;NF;NF;NF;NF;NF;NF;NF;NF;NF;NF;NF;NF;NF;NF;NF;NF;NF;NF;NF;NF;NF;NF;NF;NF;NF;NF;NF;NF;NF;NF;NF;NF;NF;NF;NF;0;NF;NF;NF;NF;NF;NF;NF;NF;NF;NF;NF;NF;NF;NF;NF;NF;NF;NF;NF;NF;NF;NF;NF;NF;NF;NF;NF;NF;NF;NF;NF;NF;NF;NF;
W031;Arthropoda;Insecta;Coleoptera;Carabidae;Broscinae;Broscus;Broscus cephalotes;1,16,20;0;2;2;0;0;36;2;0;0;2;1;1;"23, 36;m";0;0;0;3;0;0;23, 36,45, 61;0;0;2;1;0;39;0;0;3;0;0;23, 36;0;3;36;0;0;0;0;3;0;36, 56;2;0;0;0;1;0;0;0;0;36;0;0;3;0;0;0;23, 36, 50;0;0;2;2;36;0;2;2;0;40, 50;0;0;3;0;0;36, 50;0;0;2;2;"40;b, 41;c";0;0;0;3;0;0;0;36, 61;2;1;0;0;0;0;0;40, 50;0;0;2;1;23, 36, 50;3;0;0;0;0;"36;m, 50;m";
W032;Arthropoda;Insecta;Coleoptera;Carabidae;Cicindelidae;Cicindela;Cicindela hybrida;1,18,14,20;0;2;2;1;0;36;3;0;0;0;0;0;36;0;0;2;1;0;0;23, 45, 61;0;0;0;3;0;36;0;2;2;0;0;36;3;0;36;0;0;0;0;3;0;"36, 67;d";2;0;0;1;0;0;0;0;0;36;0;3;0;0;0;0;36;0;3;0;0;36;0;0;3;0;36;0;0;3;0;0;36;0;0;0;3;"41;d, 42;d";0;0;0;0;0;0;3;36, 61;2;1;0;0;0;0;0;"42;d";0;0;2;2;51;3;0;0;0;0;"36;m";
W033;Arthropoda;Insecta;Coleoptera;Carabidae;Cicindelidae;Cicindela;Cicindela maritima;19,21,26;0;2;2;1;0;36;3;0;0;0;0;0;36;0;0;3;0;0;0;19, 23, 45, 61;0;0;0;3;0;36;0;2;2;0;0;36;3;0;36;0;0;0;0;3;0;"36;d, 67;d";2;0;0;1;0;0;0;0;0;36;0;3;0;0;0;0;36;0;3;0;0;36;0;0;3;0;36;0;0;3;0;0;36;0;0;0;3;"41;d, 42;d";0;0;0;0;0;0;3;36, 61;2;1;0;0;0;0;0;"42;d";0;0;2;2;52;3;0;0;0;0;52;
W034;Arthropoda;Insecta;Coleoptera;Carabidae;Harpalinae;Acupalpus;Acupalpus dubius;;0;1;0;2;0;36, 53;3;0;0;0;0;0;"53;m";0;3;0;0;0;0;"36;d, 45, 61";0;0;1;2;0;"36;d, 54, 54;e";0;3;0;0;0;36;3;0;36;0;0;0;0;3;0;39,43;2;0;0;1;0;0;0;0;0;"36;d";0;0;3;0;0;0;"57;k, 39:k, 60;k";0;3;0;0;"36;d, 54";0;3;0;0;"39;c, 36;d";0;3;0;0;0;a;0;0;3;0;"41;i";0;0;0;3;0;0;0;61;3;0;0;0;0;0;0;"55;b;d";0;0;0;3;"36;d, 56";0;0;0;0;1;"36;d, 56";
W035;Arthropoda;Insecta;Coleoptera;Carabidae;Harpalinae;Acupalpus;Acupalpus parvulus;;0;1;0;2;0;"36, 54;d";3;0;0;0;0;0;"54;d";0;3;0;0;0;0;"36;d, 45, 61";0;0;1;2;0;"36;d, 54;e";0;3;0;0;0;36;3;0;36;0;0;0;0;3;0;39,44;2;0;0;2;0;0;0;0;0;"36;d";0;0;3;0;0;0;"57;k, 39:k, 60;k";0;3;0;0;"36;d";0;3;0;0;"39;c, 36;d";0;3;0;0;0;a;0;0;3;0;"41;i";0;0;3;0;0;0;0;61;3;0;0;0;0;0;0;"55;b;d";0;0;0;3;"36;d, 56";0;0;0;0;1;"36;d, 56";
W036;Arthropoda;Insecta;Coleoptera;Carabidae;Harpalinae;Agonum;Agonum lugens;;0;1;0;2;0;"39;d";3;0;0;0;0;0;"39;d";0;0;3;0;0;0;45, 61;0;0;0;3;0;"39;m";0;3;0;0;0;36;0;3;36;0;0;0;0;3;0;"39;d, 56;d";2;1;0;1;0;0;0;0;0;"36,39;d";0;3;0;0;0;0;"57;d";0;2;2;0;36;0;2;2;0;"58;d";2;2;0;0;0;a;0;0;3;0;"41;d, 57;d";0;0;0;0;3;0;0;61;3;0;0;0;0;0;0;"44;d, 57;d";0;0;0;3;36;0;0;3;0;0;"36,39;d,";
W037;Arthropoda;Insecta;Coleoptera;Carabidae;Harpalinae;Agonum;Agonum marginatum;1,14,21;0;1;0;2;0;"57;d";3;0;0;0;0;0;"39;d";0;0;3;0;0;0;45, 61;0;0;0;3;0;"39;d, 57;d";0;3;0;0;0;36;3;0;36;0;0;0;0;3;0;"39;d, 56;d";2;1;0;1;0;0;0;0;0;"36,39;d";0;3;0;0;0;0;"57;d";0;3;0;0;36;0;3;0;0;36;2;2;0;0;0;228;0;0;3;0;"41;d, 57;d";0;0;0;3;0;0;0;61;3;0;0;0;0;0;0;"44;d, 57;d";0;0;0;3;36;0;0;3;0;0;"39;d,";
W038;Arthropoda;Insecta;Coleoptera;Carabidae;Harpalinae;Demetrias;Demetrias monostigma;1,15,16,20,21;0;1;0;2;0;36;3;0;0;0;0;0;"36;m";0;2;1;0;0;0;36, 45, 61;NA;NA;NA;NA;NA;z;0;3;0;0;0;36;3;0;36;0;0;0;0;3;0;"39;d";1;2;0;1;0;0;0;0;0;36;0;0;3;0;0;0;"57;k, 39:k, 60;k";0;3;0;0;36;0;3;0;0;"36;a";0;0;0;0;3;a;0;0;3;0;"41;d";0;0;3;0;0;0;0;61;NA;NA;NA;NA;NA;NA;NA;z;0;0;0;3;36;0;3;0;0;0;36;
W039;Arthropoda;Insecta;Coleoptera;Carabidae;Harpalinae;Stenolophus;Stenolophus mixtus;14;1;1;0;2;0;"39;d";3;0;0;0;0;0;"39;d";0;0;3;0;0;0;36, 45, 61;0;0;3;0;0;"36;d";0;3;0;0;0;36;0;3;36;0;0;2;2;0;0;"36;d";2;0;0;1;0;0;0;0;0;36;0;0;3;0;0;0;"39:d, 60;d";0;3;0;0;36;0;3;0;0;"36;a";0;0;3;0;0;"39;d";0;0;3;0;"41;j";0;0;0;3;0;0;0;61;2;2;1;0;0;0;0;"55, 59;d, 60;d";0;0;0;3;36;0;0;3;0;0;"39;d";
W040;Arthropoda;Insecta;Coleoptera;Carabidae;Harpalinae;Stenolophus;Stenolophus teutonus;21;1;1;0;2;0;"39;d";3;0;0;0;0;0;"39;d";0;0;3;0;0;0;36, 45, 61;0;0;3;0;0;"36;d";0;3;0;0;0;36;0;3;36;0;0;2;2;0;0;"36;d";2;0;0;1;1;0;0;0;0;"36, 60;d";0;0;3;0;0;0;"39:d, 60;d";0;3;0;0;36;0;3;0;0;"36;a";0;0;3;0;0;"39;d";0;0;3;0;"41;j";0;0;0;3;0;0;0;61;2;2;1;0;0;0;0;"59;d, 60;d";0;0;0;3;36;0;0;3;0;0;"39;d";
W041;Arthropoda;Insecta;Coleoptera;Carabidae;Lebiinae;Paradromius;Paradromius linearis;1,14,16,20,21;0;2;0;2;0;36;3;0;0;0;0;0;36;0;2;1;0;0;0;36, 45, 61;NA;NA;NA;NA;NA;z;0;0;0;3;0;36;0;3;36;0;0;0;0;3;0;36;2;2;0;1;0;0;0;0;0;36;0;3;0;0;0;0;36;0;2;0;1;36;1;2;0;0;35;2;0;0;0;1;36;0;0;3;0;"41;i";0;0;3;0;0;0;0;"36;a";0;3;0;0;0;0;0;36;0;0;0;3;36;0;0;3;0;0;36;
W042;Arthropoda;Insecta;Coleoptera;Carabidae;Lebiinae;Philorhizus;Philorhizus melanocephalus;1,20;0;2;0;1;0;36;3;0;0;0;0;0;36;0;3;0;0;0;0;36, 61, 61;NA;NA;NA;NA;NA;z;0;3;0;0;0;36;3;0;36;0;0;0;0;3;0;"39;d";2;0;0;1;0;0;0;0;0;36;0;2;2;0;0;0;"36;a";0;3;0;0;36;0;3;0;0;"36;a";0;0;0;0;3;"36;a";0;0;3;0;"41;i";0;0;0;3;0;0;0;61;NA;NA;NA;NA;NA;NA;NA;z;0;0;3;0;36;0;3;0;0;0;36;
W043;Arthropoda;Insecta;Coleoptera;Carabidae;Lebiinae;Syntomus;Syntomus foveatus;1,14,20,21;0;2;0;2;0;36;3;0;0;0;0;0;36;0;3;0;0;0;0;36, 45, 61;NA;NA;NA;NA;NA;z;0;3;0;0;0;36;3;0;36;0;0;0;0;3;0;"56;d";2;0;0;1;0;0;0;0;0;36, 56;0;3;0;0;0;0;63;0;3;0;0;36;0;3;0;0;"36;a";0;2;2;0;0;63;0;0;3;0;"41;i";0;0;0;3;0;0;0;"61;d";NA;NA;NA;NA;NA;NA;NA;z;0;0;3;0;36;0;3;0;0;0;"36;d";
W044;Arthropoda;Insecta;Coleoptera;Carabidae;Nebriinae;Leistus;Leistus ferrugineus;1,20;2;2;0;0;0;"39;d";3;0;0;0;0;0;"39;d";0;0;3;0;0;0;45, 61;0;0;3;0;0;NF;0;2;1;0;0;36;0;3;36;0;0;0;0;3;0;"39;d, 56, 67";3;0;0;0;0;0;0;0;0;36;NF;NF;NF;NF;NF;NF;NF;0;0;0;3;36;0;3;0;0;"36;a";0;2;0;0;2;36;0;0;3;0;"41;d";0;0;0;3;0;0;0;61;NF;NF;NF;NF;NF;NF;NF;NF;0;0;3;0;36;0;0;3;0;0;36;
W045;Arthropoda;Insecta;Coleoptera;Carabidae;Omophroninae;Omophron;Omophron limbatum;14,21;0;2;2;0;0;36;2;2;0;0;0;0;"36, 56;d";0;2;2;0;0;0;45, 61;0;0;0;2;2;"36;a";0;2;1;0;0;36;0;3;36;0;0;0;0;3;0;36;2;0;0;1;2;0;0;0;1;"36, 56;d";0;0;3;0;0;0;"56;d";1;2;1;1;36;0;0;3;0;36;0;0;3;0;0;36, 56;NA;NA;NA;NA;z;0;0;0;0;0;0;3;36;NA;NA;NA;NA;NA;NA;NA;z;0;0;2;2;36;2;0;1;0;0;"56;d";
W046;Arthropoda;Insecta;Coleoptera;Carabidae;Platyninae;Calathus;Calathus erratus;1,14,16;2;2;2;0;0;"36, 56;d";2;1;2;0;0;0;"36, 56;b;d";0;0;3;0;0;0;45, 61;0;0;0;3;0;"36;a";0;1;2;0;0;36;0;3;36;0;0;0;0;3;0;36, 67;2;0;0;1;1;0;0;0;0;36;0;3;0;0;0;0;"36;d";0;0;2;2;36;0;3;0;0;36;3;0;0;0;0;36;0;0;0;3;41;0;0;0;0;3;0;0;36, 61;0;2;1;0;0;0;0;"36;d";0;0;2;2;36;3;0;0;0;0;36;
W047;Arthropoda;Insecta;Coleoptera;Carabidae;Platyninae;Calathus;Calathus mollis;1,16,18;0;2;2;0;0;"36;d, 39;d";NF;NF;NF;NF;NF;NF;NF;0;0;3;0;0;0;45, 61;0;0;3;0;0;"36;a";0;0;3;0;0;36;0;3;36;NF;NF;NF;NF;NF;NF;NF;3;0;0;0;0;0;0;0;0;36;0;3;0;0;0;0;36;0;0;0;3;36;0;3;0;0;36;NF;NF;NF;0;NF;NF;0;0;3;0;41;0;0;0;3;0;0;0;36, 61;0;2;1;0;0;0;0;"36;d";0;0;3;0;36;NF;NF;NF;NF;NF;NF;
W048;Arthropoda;Insecta;Coleoptera;Carabidae;Pterostichinae;Amara;Amara aenea;1,14,21;0;1;0;2;0;36, 64;3;0;0;0;0;0;36;0;0;3;0;0;0;45, 61;0;0;1;0;0;68;0;2;2;0;0;36;3;0;36;0;0;0;2;2;3;36, 56, 65, 67;1;2;0;2;0;0;0;0;0;36, 56;0;3;0;0;0;0;36;0;2;2;0;36;0;3;0;0;"36;a, 56;a";0;0;3;0;0;64;0;0;3;0;41;0;0;0;3;0;0;0;36, 61;0;0;2;2;0;0;0;66;0;0;0;3;36;2;2;0;0;0;36;
W049;Arthropoda;Insecta;Coleoptera;Carabidae;Pterostichinae;Amara;Amara lucida;1,16,20,21;0;3;0;0;0;36;3;0;0;0;0;0;36;0;1;2;0;0;0;45, 61;0;0;1;0;0;"68;d";0;3;0;0;0;36;3;0;36;0;0;0;2;2;3;"56;d, 67";2;0;0;1;0;0;0;0;0;36;0;3;0;0;0;0;"36;d";0;2;2;0;36;0;3;0;0;"36;a, 56;a;d";0;0;3;0;0;"64;d";0;0;3;0;"41;d";0;0;0;3;0;0;0;61;0;0;2;2;0;0;0;"66;d";0;0;0;3;36;2;2;0;0;0;36;
W050;Arthropoda;Insecta;Coleoptera;Carabidae;Pterostichinae;Amara;Amara tibialis;14;0;1;0;2;0;36;3;0;0;0;0;0;36;0;1;2;0;0;0;45, 61;0;0;1;0;0;"68;d";0;3;0;0;0;36;3;0;36;0;0;0;2;2;3;"56;d, 67;d";2;0;0;1;0;0;0;0;0;36;0;3;0;0;0;0;36;0;3;0;0;36;0;3;0;0;"36;a, 56;a;d";0;0;3;0;0;36;0;0;3;0;41;0;0;0;3;0;0;0;61;0;0;2;2;0;0;0;"66;d";0;0;0;3;36;2;2;0;0;0;"36;d";
W051;Arthropoda;Insecta;Coleoptera;Carabidae;Scaritinae;Clivina;Clivina fossor;18;0;1;2;0;0;36, 56;1;2;2;1;1;0;36, 56;0;2;1;0;0;0;36, 45, 61;0;0;3;0;0;68;0;3;0;0;0;36;0;3;36;0;0;2;2;2;3;36, 56, 67;1;0;0;1;2;0;0;0;0;36;0;0;3;0;0;0;36;0;3;0;0;36;0;3;0;0;"36;a";0;0;3;0;0;36;NA;NA;NA;NA;z;0;0;0;3;0;0;0;"36;a";NA;NA;NA;NA;NA;NA;NA;z;0;0;0;3;36;3;0;0;0;0;"36;m";
W052;Arthropoda;Insecta;Coleoptera;Carabidae;Scaritinae;Dyschirius;Dyschirius globosus;17,21;0;1;0;2;0;36;3;0;0;0;0;0;36;0;3;0;0;0;0;36, 45, 61;0;0;3;0;0;68;0;3;0;0;0;36;3;0;36;0;0;0;0;3;0;36, 67;1;2;0;1;0;0;0;0;0;36;0;0;3;0;0;0;"69;d";0;2;2;0;36;0;3;0;0;"36;a, 68";0;0;3;0;0;"69;d";NA;NA;NA;NA;z;0;0;0;3;0;0;0;61;NA;NA;NA;NA;NA;NA;NA;z;0;0;0;3;36;0;0;0;3;0;36;
W053;Arthropoda;Insecta;Coleoptera;Carabidae;Trechinae;Bembidion;Bembidion assimile;1;0;1;0;2;0;36;3;0;0;0;0;0;36;0;3;0;0;0;0;45, 61;0;0;2;1;0;"68;d, 70;d";0;3;0;0;0;36;3;0;36;0;0;0;0;3;0;"36;d, 39;d, 56;d";2;0;0;1;0;0;0;0;0;36;0;0;3;0;0;0;"36;d";0;3;0;0;36;0;3;0;0;"68;d";0;0;3;0;0;"36;d";0;0;3;0;"41;d";0;0;0;3;0;0;0;"61;b;d";3;0;0;0;0;0;0;"70;d";0;0;0;3;36;0;3;0;0;0;36;
W054;Arthropoda;Insecta;Coleoptera;Carabidae;Trechinae;Bembidion;Bembidion pallidipenne;18,21;0;2;2;0;0;36;2;2;0;0;0;0;36;0;3;0;0;0;0;45, 61;0;0;2;1;0;"68;d, 70;d";0;2;2;0;0;36;0;3;36;0;0;0;0;3;0;"36. 56;d";2;0;0;1;2;0;0;0;0;36;0;0;3;0;0;0;36;0;3;0;0;36;0;3;0;0;"36;a";0;0;3;0;0;36;0;0;3;0;"41;d";0;0;0;3;0;0;0;"61;b;d";3;0;0;0;0;0;0;"70;d";0;0;0;3;"68;d";3;0;0;0;0;"36;a;c";
W055;Arthropoda;Insecta;Coleoptera;Chrysomelidae;;;;1,14,16,17,18,21;NF;NF;NF;NF;0;NF;NF;NF;NF;NF;NF;NF;NF;NF;NF;NF;NF;NF;NF;NF;NF;NF;NF;NF;NF;NF;NF;NF;NF;NF;NF;NF;NF;NF;NF;NF;NF;NF;NF;NF;NF;NF;NF;NF;NF;NF;NF;NF;NF;NF;NF;NF;NF;NF;NF;NF;NF;NF;NF;NF;NF;NF;NF;NF;NF;NF;NF;NF;NF;NF;NF;NF;0;NF;NF;0;0;2;1;41;NF;NF;NF;NF;NF;NF;NF;NF;NF;NF;NF;NF;NF;NF;NF;NF;NF;NF;NF;NF;NF;NF;NF;NF;NF;NF;NF;
W056;Arthropoda;Insecta;Coleoptera;Chrysomelidae;Criocerinae;Oulema;Oulema duftschmidi;71,72,73;0;0;0;3;0;71;3;0;0;0;0;0;71,72,73;0;2;1;0;0;0;"72;d";0;0;3;0;0;73:d;0;0;0;0;3;"73;d";3;0;72;0;0;3;0;0;0;72;2;0;0;1;0;0;0;0;0;76;0;3;0;0;0;0;76;0;2;1;0;76;0;3;0;0;NF;0;0;0;0;3;"75;d";0;0;3;0;74;0;0;0;0;0;1;2;"75;d";0;0;3;0;0;0;0;"77;c";0;0;0;3;76;0;2;1;0;0;"76;d";
W057;Arthropoda;Insecta;Coleoptera;Chrysomelidae;Galerucinae;Altica;;78, 23, 41, 77, 79, 72, 80;1;0;0;2;0;"78;d";3;0;0;0;0;0;"78;d";0;2;1;0;0;0;23;2;1;1;0;0;"79;d";0;0;0;0;3;"73;d";3;0;"72;d";0;0;3;0;0;0;72,78;1;2;0;1;0;2;0;0;0;"78;d";0;3;0;0;0;0;"78;d";0;2;2;0;78;0;3;0;0;"79;d";1;1;0;0;2;"79;d";0;0;2;1;"41;i;b";1;2;0;0;0;0;0;"79;d";0;0;0;0;2;1;0;"80;d,c";0;2;0;2;"79, 78;d";1;0;2;0;0;"78;d";A. subplicata, A. carduorum, A. aenea
W058;Arthropoda;Insecta;Coleoptera;Chrysomelidae;Galerucinae;Chaetocnema;Chaetocnema hortensis;;1;0;0;2;0;81;3;0;0;0;0;0;"78;d";2;1;0;0;0;0;"23;d";0;0;2;0;0;73:d;0;0;0;0;3;"73;d";3;0;72;0;0;3;0;0;0;"72;d";1;2;0;1;0;2;0;0;0;"78;d";0;1;2;0;0;0;81;0;2;2;0;"78;d";1;2;0;0;82;1;0;1;0;2;"81;d";0;0;3;0;"41;i;b";NA;NA;NA;NA;NA;NA;NA;NF;NA;NA;NA;NA;NA;NA;NA;NF;0;0;0;3;81;1;1;2;0;0;81;
W059;Arthropoda;Insecta;Coleoptera;Chrysomelidae;Galerucinae;Lochmaea;Lochmaea suturalis;;1;0;0;2;0;83;3;0;0;0;0;0;"78;d";0;2;2;0;0;0;83;0;1;2;0;0;84;0;0;0;0;3;84;3;0;84;0;0;3;0;0;0;"72;d";2;2;0;1;0;0;0;0;0;84;0;1;2;0;0;0;83;0;3;0;0;83;0;3;0;0;84;0;0;2;0;0;83;0;2;1;0;"41;i;b";NA;NA;NA;NA;NA;NA;NA;NF;NA;NA;NA;NA;NA;NA;NA;NF;0;0;0;3;84,83;1;1;2;0;0;83;
W060;Arthropoda;Insecta;Coleoptera;Chrysomelidae;Galerucinae;Psylliodes;Psylliodes marcida;85;0;0;0;3;0;85;3;0;0;0;0;0;"78;d";0;3;0;0;0;0;85;0;1;1;0;0;85;0;0;0;0;3;"73;k";1;2;"82;d";0;0;3;0;0;0;"85, 72;d";1;2;0;1;0;2;0;0;0;85;0;1;2;0;0;0;"83;d";0;2;2;0;"85;d";0;2;0;0;85;0;0;2;0;2;85;0;0;3;0;"41;i;b";NA;NA;NA;NA;NA;NA;NA;NF;NA;NA;NA;NA;NA;NA;NA;NF;0;0;0;3;85;1;1;2;0;0;"83;d";
W061;Arthropoda;Insecta;Coleoptera;Coccinellidae;;;;14,17,21;NF;NF;NF;NF;0;NF;NF;NF;NF;NF;NF;NF;NF;NF;NF;NF;NF;NF;NF;NF;0;0;0;3;0;"93;e";NF;NF;NF;NF;NF;NF;NF;NF;NF;NF;NF;NF;NF;NF;NF;NF;NF;NF;NF;NF;NF;NF;NF;NF;NF;NF;NF;NF;NF;NF;NF;NF;NF;NF;NF;NF;NF;NF;NF;NF;NF;NF;NF;NF;NF;NF;0;NF;NF;NF;NF;NF;NF;NF;NF;NF;NF;NF;NF;NF;NF;NF;NF;NF;NF;NF;NF;NF;NF;NF;NF;NF;NF;NF;NF;NF;NF;NF;NF;NF;NF;
W062;Arthropoda;Insecta;Coleoptera;Coccinellidae;Coccinellinae;Coccidula;Coccidula rufa;;1;0;0;2;0;86;3;0;0;0;0;0;86;0;3;0;0;0;0;87, 23;0;0;0;3;0;86;0;0;0;0;3;86;3;0;"93;e";0;0;0;0;3;0;86;1;2;0;1;0;0;0;0;0;86;0;3;0;0;0;0;86;0;2;2;0;86;0;3;0;0;86;0;0;0;0;2;86;NA;NA;NA;NA;NF;0;0;0;0;1;2;0;86;NA;NA;NA;NA;NA;NA;NA;NF;0;0;0;3;"23;d";0;2;2;0;0;"86;d";
W063;Arthropoda;Insecta;Coleoptera;Coccinellidae;Coccinellinae;Tytthaspis;Tytthaspis sedecimpunctata;89, 23;0;0;0;3;0;89;3;0;0;0;0;0;23;0;3;0;0;0;0;89;0;0;0;3;0;"93;e";0;0;0;0;3;23, 89;3;0;23;2;0;1;0;1;2;91;1;2;0;2;0;0;0;0;0;89;0;2;0;0;0;0;"86;d";0;2;2;0;"86;d ";1;2;0;0;"86;d";0;0;0;0;3;89;NA;NA;NA;NA;NF;NA;NA;NA;NA;NA;NA;NA;NA;NA;NA;NA;NA;NA;NA;NA;NF;0;0;0;3;89;0;2;2;0;0;89;
W064;Arthropoda;Insecta;Coleoptera;Curculionidae;Curculioninae;Mecinus;Mecinus pyraster;;0;0;0;3;0;"92;d";3;0;0;0;0;0;"92;d";0;3;0;0;0;0;"92;d";0;0;0;3;0;"93;e";0;0;0;0;3;92;3;0;"93;e";0;0;2;1;0;0;92;2;2;0;1;0;0;1;0;0;92;0;0;3;0;0;0;92;0;2;1;0;92;0;3;0;0;92;0;0;0;0;3;92;NA;NA;NA;NA;NF;NA;NA;NA;NA;NA;NA;NA;NF;NA;NA;NA;NA;NA;NA;NA;NF;0;0;0;3;92;2;0;1;0;0;92;
W065;Arthropoda;Insecta;Coleoptera;Curculionidae;Entiminae;Otiorhynchus;Otiorhynchus atroapterus;;0;0;0;3;0;94;3;0;0;0;0;0;"92;a";0;0;3;0;0;0;94;0;0;0;3;0;175;0;0;2;1;0;176;1;2;"95;d";0;0;3;0;0;0;94;1;2;0;0;0;0;0;0;0;"95;d";0;1;2;0;0;0;"92;d";0;2;1;0;"94;d";0;3;0;0;"97;d";3;0;0;0;0;"97;d";NA;NA;NA;NA;NF;NA;NA;NA;NA;NA;NA;NA;NF;NA;NA;NA;NA;NA;NA;NA;NF;0;0;2;1;"97;d";2;1;1;0;0;"97;d";
W066;Arthropoda;Insecta;Coleoptera;Curculionidae;Entiminae;Philopedon;Philopedon plagiatus;98, 99, 100;1;0;0;2;0;98, 99;2;1;0;0;0;0;98;0;1;2;0;0;0;100;0;0;1;2;99;100;1;2;0;0;0;99;1;2;NF;0;0;3;0;0;0;98, 99;2;2;1;0;0;0;0;0;0;98, 99;0;0;3;0;0;0;98;0;2;1;0;99;0;1;2;0;99;3;0;0;0;0;98, 99;NA;NA;NA;NA;NF;NA;NA;NA;NA;NA;NA;NA;NF;NA;NA;NA;NA;NA;NA;NA;NF;0;0;2;1;99;2;0;1;0;0;99;
W067;Arthropoda;Insecta;Coleoptera;Dryopidae;;;;14,21, 104, 105 ;1;1;0;1;2;104, 105, 106, 107, 108;2;1;0;0;0;0;104, 105, 106, 107, 108;0;2;1;0;0;0;105;NA;NA;NA;NA;NA;NF;1;2;0;0;0;107;2;0;106;0;0;3;0;0;0;104, 105, 106, 107, 108;2;1;0;1;0;0;0;0;0;108;0;1;2;0;0;0;c;NA;NA;NA;NA;NF;0;1;2;0;e;2;1;1;0;0;104;NA;NA;NA;NA;NF;NA;NA;NA;NA;NA;NA;NA;NF;NA;NA;NA;NA;NA;NA;NA;NF;NA;NA;NA;NA;NF;2;1;1;0;1;e;
W068;Arthropoda;Insecta;Coleoptera;Dytiscidae;Copelatinae;Liopterus;Liopterus haemorrhoidalis;;0;0;0;1;2;101, 102;1;2;0;0;0;0;101;0;0;3;0;0;0;102;0;0;1;2;0;177;3;0;0;0;0;102;2;2;102;0;0;0;0;3;0;101;1;1;0;1;0;0;0;0;2;d;0;1;2;0;0;0;"103;e";0;2;1;0;"103;e";0;2;0;0;"103;e";1;0;0;0;2;"103;c";NA;NA;NA;NA;NF;NA;NA;NA;NA;NA;NA;NA;NF;NA;NA;NA;NA;NA;NA;NA;NF;0;0;0;3;NF;0;1;1;0;2;102;
W069;Arthropoda;Insecta;Coleoptera;Elateridae;;;;1,14,16,17,21;1;0;0;2;1;"109;e";3;0;0;0;0;0;"109;e";0;0;2;1;0;0;109;0;0;0;0;3;NF;0;2;1;0;0;111;2;0;106;0;0;3;0;0;0;82;2;2;0;1;0;1;0;0;0;82;0;1;2;0;0;0;82;0;2;1;0;"112, 111;e";0;3;0;0;112;2;0;1;0;1;111;NF;NF;NF;NF;NF;NF;NF;NF;NF;NF;NF;NF;NF;NA;NA;NA;NA;NA;NA;NA;NF;0;0;2;1;113;2;1;1;0;0;113;
W070;Arthropoda;Insecta;Coleoptera;Elateridae;Dendrometrinae;Cidnopus;Cidnopus aeruginosus;109;1;0;0;2;1;109;3;0;0;0;0;0;109;0;0;3;0;0;0;109;0;0;0;0;3;110;0;2;1;0;0;111;2;0;106;0;0;3;0;0;0;111;2;2;0;1;0;1;0;0;0;82;0;1;2;0;0;0;"82; e";0;2;1;0;"112, 111;e";0;3;0;0;"112;e";2;0;1;0;1;"111;e";0;3;0;0;110;NA;NA;NA;NA;NA;NA;NA;NF;NA;NA;NA;NA;NA;NA;NA;NF;0;0;2;1;"113;e";2;1;1;0;0;113;
W071;Arthropoda;Insecta;Coleoptera;Elateridae;Dendrometrinae;Hemicrepidius;Hemicrepidius niger;;1;0;0;2;0;"109;e";3;0;0;0;0;0;109;0;0;0;3;0;0;114;0;0;0;0;3;"110;e";0;2;1;0;0;"111;e";2;0;106;0;1;2;0;1;2;115;2;2;0;1;0;1;0;0;0;82;0;2;1;0;0;0;"82; e";0;1;2;0;"112, 111;e";0;3;0;0;"112;e";2;0;1;0;1;"111;e";0;3;0;0;82;NA;NA;NA;NA;NA;NA;NA;NF;NA;NA;NA;NA;NA;NA;NA;NF;0;0;2;1;"113;e";2;1;1;0;0;113;
W072;Arthropoda;Insecta;Coleoptera;Helophoridae;Helophorinae;Helophorus;;21;1;1;0;1;2;"116;d";2;1;0;0;0;0;"116;e";1;2;1;0;0;0;117;0;0;1;2;116;NF;NA;NA;NA;NA;NA;NF;1;2;116;1;2;1;0;2;1;116;2;2;0;1;0;0;1;0;1;116;0;0;3;0;0;0;116;0;3;0;0;116;0;3;0;0;116;2;1;1;0;1;118;NA;NA;NA;NA;NF;NA;NA;NA;NA;NA;NA;NA;NF;NA;NA;NA;NA;NA;NA;NA;NF;1;1;1;2;118;2;1;1;0;1;118;
W073;Arthropoda;Insecta;Coleoptera;Heteroceridae;Heterocerinae;Heterocerus;;14,17,21;0;2;2;0;1;119;2;2;1;0;0;0;120;1;2;1;0;0;0;120;NA;NA;NA;NA;NA;NF;0;1;2;1;0;121;1;2;120;2;2;0;0;0;0;121;1;1;2;1;2;0;0;0;0;121;0;0;3;0;0;0;121;0;2;1;0;121;1;2;0;0;123;2;0;2;0;0;121;NA;NA;NA;NA;NF;NA;NA;NA;NA;NA;NA;NA;NF;NA;NA;NA;NA;NA;NA;NA;NF;0;0;1;2;NF;2;0;0;0;0;NF;
W074;Arthropoda;Insecta;Coleoptera;Histeridae;;;;1,14,16,17,21;2;1;1;1;0;125;2;1;0;0;0;0;126;0;1;2;2;1;0;124;0;1;2;1;0;127;0;2;1;0;0;124, 125, 126;1;2;124, 125, 126;0;1;0;0;3;0;124;2;1;1;1;2;0;0;0;0;127;0;1;2;0;0;0;126;0;2;1;0;126;2;2;0;0;127;2;2;1;0;0;128;0;0;3;0;74;NA;NA;NA;NA;NA;NA;NA;NF;NA;NA;NA;NA;NA;NA;NA;NF;0;1;1;2;128;2;1;2;1;0;127;
W075;Arthropoda;Insecta;Coleoptera;Hydraenidae;Ochthebiinae;Ochthebius;Ochthebius minimus;;1;1;0;1;2;129;2;1;0;0;0;0;129;3;0;0;0;0;0;130;0;0;2;1;NF;NF;0;3;0;0;0;23;3;0;"129;a";1;2;0;0;0;0;129;2;1;1;1;0;0;0;0;0;131;0;1;2;0;0;0;"132;c";0;3;0;0;NF;NA;NA;NA;NA;NF;2;1;0;0;1;133;NA;NA;NA;NA;NF;NA;NA;NA;NA;NA;NA;NA;NF;NA;NA;NA;NA;NA;NA;NA;NF;0;0;0;3;NF;0;1;1;0;1;NF;
W076;Arthropoda;Insecta;Coleoptera;Hydrophilidae;;;;;NF;NF;NF;NF;NF;NF;NF;NF;NF;NF;NF;NF;NF;NF;NF;NF;NF;NF;NF;NF;NF;NF;NF;NF;NF;NF;NF;NF;NF;NF;NF;NF;NF;NF;NF;NF;NF;NF;NF;NF;NF;NF;NF;NF;NF;NF;NF;NF;NF;NF;NF;NF;NF;NF;NF;NF;NF;NF;NF;NF;NF;NF;NF;NF;NF;NF;NF;NF;NF;NF;NF;NF;0;NF;NF;NF;NF;NF;NF;NF;NF;NF;NF;NF;NF;NF;NF;NF;NA;NA;NA;NA;NA;NA;NA;NF;NF;NF;NF;NF;NF;NF;NF;NF;NF;NF;NF;
W077;Arthropoda;Insecta;Coleoptera;Latridiidae;;;;14,21;NF;NF;NF;NF;NF;NF;NF;NF;NF;NF;NF;NF;NF;NF;NF;NF;NF;NF;NF;NF;NF;NF;NF;NF;NF;NF;NF;NF;NF;NF;NF;NF;NF;NF;NF;NF;NF;NF;NF;NF;NF;NF;NF;NF;NF;NF;NF;NF;NF;NF;NF;NF;NF;NF;NF;NF;NF;NF;NF;NF;NF;NF;NF;NF;NF;NF;NF;NF;NF;NF;NF;NF;0;NF;NF;NF;NF;NF;NF;NF;NF;NF;NF;NF;NF;NF;NF;NF;NF;NF;NF;NF;NF;NF;NF;NF;NF;NF;NF;NF;NF;NF;NF;NF;NF;NF;NF;
W078;Arthropoda;Insecta;Coleoptera;Nitidulidae;Meligethinae;Meligethes;;;1;1;0;2;0;82;3;0;0;0;0;0;140;0;3;0;0;0;0;82;0;0;3;0;0;141;0;1;0;0;0;141;3;0;141;0;0;3;0;0;0;142;1;2;0;1;0;0;0;0;0;143;0;0;3;0;0;0;82;0;2;1;0;141;0;3;0;0;141;0;0;0;0;3;82;NF;NF;NF;NF;NF;NF;NF;NF;NF;NF;NF;NF;NF;NF;NF;NF;NF;NF;NF;NF;NF;0;0;0;3;141;NF;NF;NF;NF;NF;NF;Brassicogethes aeneus
W079;Arthropoda;Insecta;Coleoptera;Noteridae;;;;;NF;NF;NF;NF;NF;NF;NF;NF;NF;NF;NF;NF;NF;NF;NF;NF;NF;NF;NF;NF;NF;NF;NF;NF;NF;NF;NF;NF;NF;NF;NF;NF;NF;NF;NF;NF;NF;NF;NF;NF;NF;NF;NF;NF;NF;NF;NF;NF;NF;NF;NF;NF;NF;NF;NF;NF;NF;NF;NF;NF;NF;NF;NF;NF;NF;NF;NF;NF;NF;NF;NF;NF;0;NF;NF;NF;NF;NF;NF;NF;NF;NF;NF;NF;NF;NF;NF;NF;NF;NF;NF;NF;NF;NF;NF;NF;NF;NF;NF;NF;NF;NF;NF;NF;NF;NF;NF;
W080;Arthropoda;Insecta;Coleoptera;Phalacridae;;;;14,21;NF;NF;NF;NF;NF;NF;NF;NF;NF;NF;NF;NF;NF;NF;NF;NF;NF;NF;NF;NF;NF;NF;NF;NF;NF;NF;NF;NF;NF;NF;NF;NF;NF;NF;NF;NF;NF;NF;NF;NF;NF;NF;NF;NF;NF;NF;NF;NF;NF;NF;NF;NF;NF;NF;NF;NF;NF;NF;NF;NF;NF;NF;NF;NF;NF;NF;NF;NF;NF;NF;NF;NF;0;NF;NF;NF;NF;NF;NF;NF;NF;NF;NF;NF;NF;NF;NF;NF;NF;NF;NF;NF;NF;NF;NF;NF;NF;NF;NF;NF;NF;NF;NF;NF;NF;NF;NF;
W081;Arthropoda;Insecta;Coleoptera;Scarabaeidae;Aegialiinae;Aegialia;Aegialia arenaria;;1;2;0;1;0;135;1;1;0;0;0;0;135;0;1;2;0;0;0;136, 137;0;0;1;2;0;138;0;0;0;0;3;135;1;2;134;0;3;0;0;0;0;"134;d";1;0;2;0;2;0;0;0;0;135;0;1;2;0;0;0;"135, 136;d";0;2;2;0;135;0;3;0;0;135;3;0;0;0;0;136;NF;NF;NF;NF;NF;NF;NF;NF;NF;NF;NF;NF;NF;NF;NF;NF;NF;NF;NF;NF;NF;NF;NF;NF;NF;NF;NF;NF;NF;NF;NF;NF;
W082;Arthropoda;Insecta;Coleoptera;Scarabaeidae;Aphodiinae;Aphodius;;;2;1;0;0;0;144;2;1;0;0;0;0;145;0;0;3;0;0;0;146;0;2;1;0;0;"147; d";0;0;0;0;3;"148;e";3;0;148;0;3;0;0;0;0;144;1;0;0;2;1;0;0;0;0;144;0;0;3;0;0;0;145;2;2;2;1;144;3;0;0;0;144;1;2;0;0;0;145;NF;NF;NF;NF;NF;NF;NF;NF;NF;NF;NF;NF;NF;NF;NF;NF;NF;NF;NF;NF;NF;NF;NF;NF;NF;NF;NF;NF;NF;NF;NF;NF;Aphodius fimetarius
W083;Arthropoda;Insecta;Coleoptera;Scarabaeidae;Aphodiinae;Calamosternus;Calamosternus granarius;;2;1;0;0;0;198;2;1;0;0;0;0;199;0;2;1;0;0;0;199;NF;NF;NF;NF;NF;NF;3;0;0;0;0;200;3;0;"201;c";0;3;0;0;0;0;199;2;0;0;1;1;0;0;0;0;201;0;2;1;0;0;0;"202;d";NF;NF;NF;NF;NF;NF;NF;NF;NF;NF;1;2;0;0;0;202;NF;NF;NF;NF;NF;NF;NF;NF;NF;NF;NF;NF;NF;NF;NF;NF;NF;NF;NF;NF;NF;NF;NF;NF;NF;NF;NF;NF;NF;NF;NF;NF;
W084;Arthropoda;Insecta;Coleoptera;Scarabaeidae;Aphodiinae;Psammodius;Psammodius asper;;NF;NF;NF;NF;NF;NF;NF;NF;NF;NF;NF;NF;NF;NF;NF;NF;NF;NF;NF;NF;NF;NF;NF;NF;NF;NF;NF;NF;NF;NF;NF;NF;NF;NF;NF;NF;NF;NF;NF;NF;NF;NF;NF;NF;NF;NF;NF;NF;NF;NF;NF;NF;NF;NF;NF;NF;NF;NF;NF;NF;NF;NF;NF;NF;NF;NF;NF;NF;NF;NF;NF;NF;0;NF;NF;NF;NF;NF;NF;NF;NF;NF;NF;NF;NF;NF;NF;NF;NF;NF;NF;NF;NF;NF;NF;NF;NF;NF;NF;NF;NF;NF;NF;NF;NF;NF;NF;
W085;Arthropoda;Insecta;Coleoptera;Scarabaeidae;Rutelinae;Phyllopertha;Phyllopertha horticola;;0;1;0;2;0;153;2;1;0;0;0;0;153;0;0;3;0;0;0;154;0;0;1;2;0;153;0;2;1;0;0;153;3;0;153;0;0;3;0;0;0;153;1;2;0;1;0;0;0;0;0;153;0;0;3;0;0;0;153;0;2;1;0;153;0;3;0;0;153;2;0;1;0;0;153;NF;NF;NF;NF;NF;NF;NF;NF;NF;NF;NF;NF;NF;0;3;0;0;0;0;0;62;NF;NF;NF;NF;NF;NF;NF;NF;NF;NF;NF;
W086;Arthropoda;Insecta;Coleoptera;Staphylinidae;;;;1,14,16,17,19,21;2;2;1;1;0;226;2;1;NF;NF;NF;NF;NF;0;2;1;0;0;0;226;NF;NF;NF;NF;NF;NF;NF;NF;NF;NF;NF;NF;NF;NF;NF;NF;NF;NF;NF;NF;NF;NF;NF;NF;NF;NF;NF;NF;NF;NF;NF;NF;NF;NF;NF;NF;NF;NF;NF;NF;NF;NF;NF;NF;NF;NF;NF;NF;NF;NF;NF;NF;0;NF;NF;NF;NF;NF;NF;NF;NF;NF;NF;NF;NF;NF;NF;NF;NF;NF;NF;NF;NF;NF;NF;NF;NF;NF;NF;NF;NF;NF;NF;NF;NF;NF;NF;
W087;Arthropoda;Insecta;Coleoptera;Staphylinidae;Paederinae;Paederus;Paederus riparius;;2;1;0;1;0;149;2;1;0;0;0;0;149;0;0;3;0;0;0;150;0;1;2;0;0;"151;d";2;1;0;0;0;150;3;0;150;0;0;0;0;3;0;150;2;1;0;1;0;0;0;0;0;82;0;3;0;0;0;0;"152;d";0;2;1;0;"152;d";0;3;0;0;"152;d";1;2;0;0;0;"152;d";NF;NF;NF;NF;NF;NF;NF;NF;NF;NF;NF;NF;NF;NF;NF;NF;NF;NF;NF;NF;NF;NF;NF;NF;NF;NF;NF;NF;NF;NF;NF;NF;
W088;Arthropoda;Insecta;Coleoptera;Staphylinidae;Staphylininae;Philontus;;;NF;NF;NF;NF;NF;NF;NF;NF;NF;NF;NF;NF;NF;NF;NF;NF;NF;NF;NF;NF;NF;NF;NF;NF;NF;NF;NF;NF;NF;NF;NF;NF;NF;NF;NF;NF;NF;NF;NF;NF;NF;NF;NF;NF;NF;NF;NF;NF;NF;NF;NF;NF;NF;NF;NF;NF;NF;NF;NF;NF;NF;NF;NF;NF;NF;NF;NF;NF;NF;NF;NF;NF;0;NF;NF;NF;NF;NF;NF;NF;NF;NF;NF;NF;NF;NF;NF;NF;NF;NF;NF;NF;NF;NF;NF;NF;NF;NF;NF;NF;NF;NF;NF;NF;NF;NF;NF;
W089;Arthropoda;Insecta;Coleoptera;Staphylinidae;Staphylininae;Xantholinus;;;NF;NF;NF;NF;NF;NF;NF;NF;NF;NF;NF;NF;NF;NF;NF;NF;NF;NF;NF;NF;NF;NF;NF;NF;NF;NF;NF;NF;NF;NF;NF;NF;NF;NF;NF;NF;NF;NF;NF;NF;NF;NF;NF;NF;NF;NF;NF;NF;NF;NF;NF;NF;NF;NF;NF;NF;NF;NF;NF;NF;NF;NF;NF;NF;NF;NF;NF;NF;NF;NF;NF;NF;0;NF;NF;NF;NF;NF;NF;NF;NF;NF;NF;NF;NF;NF;NF;NF;NF;NF;NF;NF;NF;NF;NF;NF;NF;NF;NF;NF;NF;NF;NF;NF;NF;NF;NF;
W090;Arthropoda;Insecta;Coleoptera;Staphylinidae;Tachyporinae;Tachyporus;;;NF;NF;NF;NF;NF;NF;NF;NF;NF;NF;NF;NF;NF;NF;NF;NF;NF;NF;NF;NF;NF;NF;NF;NF;NF;NF;NF;NF;NF;NF;NF;NF;NF;NF;NF;NF;NF;NF;NF;NF;NF;NF;NF;NF;NF;NF;NF;NF;NF;NF;NF;NF;NF;NF;NF;NF;NF;NF;NF;NF;NF;NF;NF;NF;NF;NF;NF;NF;NF;NF;NF;NF;0;NF;NF;NF;NF;NF;NF;NF;NF;NF;NF;NF;NF;NF;NF;NF;NF;NF;NF;NF;NF;NF;NF;NF;NF;NF;NF;NF;NF;NF;NF;NF;NF;NF;NF;
W091;Arthropoda;Insecta;Coleoptera;Tenebrionidae;;;;1,14,16,18,19,21;NF;NF;NF;NF;NF;NF;NF;NF;NF;NF;NF;NF;NF;NF;NF;NF;NF;NF;NF;NF;NF;NF;NF;NF;NF;NF;NF;NF;NF;NF;NF;NF;NF;NF;NF;NF;NF;NF;NF;NF;NF;NF;NF;NF;NF;NF;NF;NF;NF;NF;NF;NF;NF;NF;NF;NF;NF;NF;NF;NF;NF;NF;NF;NF;NF;NF;NF;NF;NF;NF;NF;NF;0;NF;NF;NF;NF;NF;NF;NF;NF;NF;NF;NF;NF;NF;NF;NF;NF;NF;NF;NF;NF;NF;NF;NF;NF;NF;NF;NF;NF;NF;NF;NF;NF;NF;NF;
W092;Arthropoda;Insecta;Coleoptera;Tenebrionidae;Tenebrioninae;Melanimon;Melanimon tibialis;;1;2;0;1;0;155, 156;2;1;0;0;0;0;157;0;3;0;0;0;0;157;0;0;0;3;0;158;3;0;0;0;0;157;2;1;158;1;2;1;0;0;0;"157;159";2;0;1;1;2;0;0;0;0;155;0;0;3;0;0;0;157;0;3;0;0;157;0;3;0;0;157;3;0;0;0;0;157;NF;NF;NF;NF;NF;NF;NF;NF;NF;NF;NF;NF;NF;NF;NF;NF;NF;NF;NF;NF;NF;NF;NF;NF;NF;NF;NF;NF;NF;NF;NF;NF;
W093;Arthropoda;Insecta;Coleoptera;Tenebrionidae;Tenebrioninae;Phylan;Phylan gibbus;;1;2;0;1;0;1;1;2;1;0;0;0;204;0;0;3;0;0;0;205;NF;NF;NF;NF;NF;NF;3;0;0;0;0;205;0;3;203;0;2;1;0;0;1;206;1;0;2;0;2;0;0;0;0;207;0;3;0;0;0;0;203;NF;NF;NF;NF;NF;NF;NF;NF;NF;NF;2;1;0;0;0;203;NF;NF;NF;NF;NF;NF;NF;NF;NF;NF;NF;NF;NF;NF;NF;NF;NF;NF;NF;NF;NF;NF;NF;NF;NF;NF;NF;NF;NF;NF;NF;NF;
W094;Arthropoda;Insecta;Coleoptera;Tenebrionidae;Thymelaeoideae;Phaleria;Phaleria cadaverina;162;2;2;1;0;0;"161;162";1;2;1;0;0;0;162;0;0;3;0;0;0;163;0;1;2;1;0;164;0;1;2;1;0;161;0;3;162;0;3;0;0;0;0;161;1;0;2;0;2;0;0;0;0;161;0;1;2;0;0;0;161;0;2;1;0;"165;d";0;3;0;0;"165;d";2;2;0;0;0;161;NF;NF;NF;NF;NF;NF;NF;NF;NF;NF;NF;NF;NF;NF;NF;NF;NF;NF;NF;NF;NF;NF;NF;NF;NF;NF;NF;NF;NF;NF;NF;NF;
W095;Arthropoda;Insecta;Dermaptera;Labiduridae;Labidurinae;Labidura;Labidura riparia ;166;1;2;2;0;0;166;1;1;1;1;1;2;167;0;0;1;2;0;0;168;1;2;0;0;0;169;0;1;2;1;0;168;0;3;169;0;1;0;0;2;1;169;1;0;2;1;2;0;0;0;0;167;0;0;2;NF;0;2;62;0;3;0;0;62;1;2;0;0;169;1;0;2;0;0;170;NF;NF;NF;NF;NF;NF;NF;NF;NF;NF;NF;NF;NF;0;0;0;0;3;0;0;62;NF;NF;NF;NF;NF;NF;NF;NF;NF;NF;NF;
W096;Arthropoda;Insecta;Hemiptera;Aphididae;;;;14,15,16,17;NF;NF;NF;NF;NF;NF;NF;NF;NF;NF;NF;NF;NF;NF;NF;NF;NF;NF;NF;NF;NF;NF;NF;NF;NF;NF;NF;NF;NF;NF;NF;NF;NF;NF;NF;NF;NF;NF;NF;NF;NF;NF;NF;NF;NF;NF;NF;NF;NF;NF;NF;NF;NF;NF;NF;NF;NF;NF;NF;NF;NF;NF;NF;NF;NF;NF;NF;NF;NF;NF;NF;NF;0;NF;NF;NF;NF;NF;NF;NF;NF;NF;NF;NF;NF;NF;NF;NF;NF;NF;NF;NF;NF;NF;NF;NF;NF;NF;NF;NF;NF;NF;NF;NF;NF;NF;NF;
W097;Arthropoda;Insecta;Hemiptera;Cicadellidae;Deltocephalinae;;;13,14,15,16,17;NF;NF;NF;NF;NF;NF;NF;NF;NF;NF;NF;NF;NF;NF;NF;NF;NF;NF;NF;NF;NF;NF;NF;NF;NF;NF;NF;NF;NF;NF;NF;NF;NF;NF;NF;NF;NF;NF;NF;NF;NF;NF;NF;NF;NF;NF;NF;NF;NF;NF;NF;NF;NF;NF;NF;NF;NF;NF;NF;NF;NF;NF;NF;NF;NF;NF;NF;NF;NF;NF;NF;NF;0;NF;NF;NF;NF;NF;NF;NF;NF;NF;NF;NF;NF;NF;NF;NF;NF;NF;NF;NF;NF;NF;NF;NF;NF;NF;NF;NF;NF;NF;NF;NF;NF;NF;NF;
W098;Arthropoda;Insecta;Hemiptera;Delphacidae;;;;13,14,16,17;1;0;0;2;0;227;3;0;0;0;0;0;227;0;3;0;0;0;0;227;NF;NF;NF;NF;NF;NF;0;2;2;0;0;23;2;2;227;0;0;3;0;0;0;227;0;2;0;1;0;2;0;0;0;227;0;0;3;0;0;0;227;NF;NF;NF;NF;NF;NF;NF;NF;NF;NF;0;0;0;0;3;227;NF;NF;NF;NF;NF;NF;NF;NF;NF;NF;NF;NF;NF;NF;NF;NF;NF;NF;NF;NF;NF;NF;NF;NF;NF;NF;NF;NF;NF;NF;NF;NF;
W099;Arthropoda;Insecta;Hemiptera;Lygaeidae;;;;14,16,21;NF;NF;NF;NF;NF;NF;NF;NF;NF;NF;NF;NF;NF;NF;NF;NF;NF;NF;NF;NF;NF;NF;NF;NF;NF;NF;NF;NF;NF;NF;NF;NF;NF;NF;NF;NF;NF;NF;NF;NF;NF;NF;NF;NF;NF;NF;NF;NF;NF;NF;NF;NF;NF;NF;NF;NF;NF;NF;NF;NF;NF;NF;NF;NF;NF;NF;NF;NF;NF;NF;NF;NF;0;NF;NF;NF;NF;NF;NF;NF;NF;NF;NF;NF;NF;NF;NF;NF;NF;NF;NF;NF;NF;NF;NF;NF;NF;NF;NF;NF;NF;NF;NF;NF;NF;NF;NF;
W100;Arthropoda;Insecta;Hemiptera;Lygaeidae;Cyminae;Cymus;Cymus claviculus;10;1;0;0;2;0;10;3;0;0;0;0;0;10;0;3;0;0;0;0;171;0;0;3;0;0;"10;a";3;0;0;0;0;10;2;1;"10;a";0;0;1;2;0;0;"172, 10;a";1;2;0;2;0;0;0;0;0;"10;a";0;3;0;0;0;0;172;0;3;0;0;172;0;3;0;0;172, 10 ;0;0;0;0;3;172;NF;NF;NF;NF;NF;NF;NF;NF;NF;NF;NF;NF;NF;NF;NF;NF;NF;NF;NF;NF;NF;NF;NF;NF;NF;NF;NF;NF;NF;NF;NF;NF;
W101;Arthropoda;Insecta;Hemiptera;Lygaeidae;Rhyparochrominae;Scolopostethus;;;NF;NF;NF;NF;NF;NF;NF;NF;NF;NF;NF;NF;NF;NF;NF;NF;NF;NF;NF;NF;NF;NF;NF;NF;NF;NF;NF;NF;NF;NF;NF;NF;NF;NF;NF;NF;NF;NF;NF;NF;NF;NF;NF;NF;NF;NF;NF;NF;NF;NF;NF;NF;NF;NF;NF;NF;NF;NF;NF;NF;NF;NF;NF;NF;NF;NF;NF;NF;NF;NF;NF;NF;0;NF;NF;NF;NF;NF;NF;NF;NF;NF;NF;NF;NF;NF;NF;NF;NF;NF;NF;NF;NF;NF;NF;NF;NF;NF;NF;NF;NF;NF;NF;NF;NF;NF;NF;
W102;Arthropoda;Insecta;Hemiptera;Lygaeidae;Rhyparochrominae;Pionosomus;Pionosomus varius;;1;2;0;0;0;173;3;0;0;0;0;0;173;0;3;0;0;0;0;173;0;0;3;0;0;"173;a";3;0;0;0;0;"173;a";3;0;174;0;0;0;3;0;0;174, 173;1;2;0;1;0;0;0;0;0;173;0;3;0;0;0;0;173;0;2;1;0;173;0;3;0;0;173;3;0;0;0;0;173;NF;NF;NF;NF;NF;NF;NF;NF;NF;NF;NF;NF;NF;NF;NF;NF;NF;NF;NF;NF;NF;NF;NF;NF;NF;NF;NF;NF;NF;NF;NF;NF;
W103;Arthropoda;Insecta;Hemiptera;Lygaeidae;Rhyparochrominae;Scolopostethus;Scolopostethus affinis;;NF;NF;NF;NF;NF;NF;NF;NF;NF;NF;NF;NF;NF;NF;NF;NF;NF;NF;NF;NF;NF;NF;NF;NF;NF;NF;NF;NF;NF;NF;NF;NF;NF;NF;NF;NF;NF;NF;NF;NF;NF;NF;NF;NF;NF;NF;NF;NF;NF;NF;NF;NF;NF;NF;NF;NF;NF;NF;NF;NF;NF;NF;NF;NF;NF;NF;NF;NF;NF;NF;NF;NF;0;NF;NF;NF;NF;NF;NF;NF;NF;NF;NF;NF;NF;NF;NF;NF;NF;NF;NF;NF;NF;NF;NF;NF;NF;NF;NF;NF;NF;NF;NF;NF;NF;NF;NF;
W104;Arthropoda;Insecta;Hemiptera;Lygaeidae;Rhyparochrominae;Taphropeltus;Taphropeltus contractus;;2;1;0;1;0;7;3;0;0;0;0;0;7;0;3;0;0;0;0;197;NF;NF;NF;NF;NF;NF;3;0;0;0;0;7, 23;3;0;q;0;0;0;3;0;0;7;2;1;0;1;0;0;0;0;0;7;0;3;0;0;0;0;c;NF;NF;NF;NF;NF;NF;NF;NF;NF;NF;1;2;0;0;1;7;NF;NF;NF;NF;NF;NF;NF;NF;NF;NF;NF;NF;NF;NF;NF;NF;NF;NF;NF;NF;NF;NF;NF;NF;NF;NF;NF;NF;NF;NF;NF;NF;
W105;Arthropoda;Insecta;Hemiptera;Miridae;;;;5,9,14,16,17,21;NF;NF;NF;NF;NF;NF;NF;NF;NF;NF;NF;NF;NF;NF;NF;NF;NF;NF;NF;NF;NF;NF;NF;NF;NF;NF;NF;NF;NF;NF;NF;NF;NF;NF;NF;NF;NF;NF;NF;NF;NF;NF;NF;NF;NF;NF;NF;NF;NF;NF;NF;NF;NF;NF;NF;NF;NF;NF;NF;NF;NF;NF;NF;NF;NF;NF;NF;NF;NF;NF;NF;NF;0;NF;NF;NF;NF;NF;NF;NF;NF;NF;NF;NF;NF;NF;NF;NF;NF;NF;NF;NF;NF;NF;NF;NF;NF;NF;NF;NF;NF;NF;NF;NF;NF;NF;NF;
W106;Arthropoda;Insecta;Hemiptera;Piesmatidae;;;;10,14,21;NF;NF;NF;NF;NF;NF;NF;NF;NF;NF;NF;NF;NF;NF;NF;NF;NF;NF;NF;NF;NF;NF;NF;NF;NF;NF;NF;NF;NF;NF;NF;NF;NF;NF;NF;NF;NF;NF;NF;NF;NF;NF;NF;NF;NF;NF;NF;NF;NF;NF;NF;NF;NF;NF;NF;NF;NF;NF;NF;NF;NF;NF;NF;NF;NF;NF;NF;NF;NF;NF;NF;NF;0;NF;NF;NF;NF;NF;NF;NF;NF;NF;NF;NF;NF;NF;NF;NF;NF;NF;NF;NF;NF;NF;NF;NF;NF;NF;NF;NF;NF;NF;NF;NF;NF;NF;NF;
W107;Arthropoda;Insecta;Hemiptera;Pleoidea;Pleae;Plea;;;0;0;0;0;3;23, 48;0;0;0;0;0;3;23, 48;0;3;0;0;0;0;23, 48;0;0;2;1;0;178;3;0;0;0;0;178;3;0;178;0;0;0;0;3;0;23, 48;0;0;0;0;0;0;0;0;3;23, 48;0;0;3;0;0;0;48;0;0;3;0;178;0;3;0;0;23;0;0;0;0;3;48;NF;NF;NF;NF;NF;NF;NF;NF;NF;NF;NF;NF;NF;NF;NF;NF;NF;NF;NF;NF;NF;0;NF;0;3;48;0;0;0;0;3;48;
W108;Arthropoda;Insecta;Hemiptera;Saldidae;Saldinae;;;7,14,21;NF;NF;NF;NF;NF;NF;NF;NF;NF;NF;NF;NF;NF;0;2;1;0;0;0;48;NF;NF;NF;NF;NF;NF;NF;NF;NF;NF;NF;NF;NF;NF;NF;NF;NF;NF;NF;NF;NF;NF;NF;NF;NF;NF;NF;NF;NF;NF;NF;NF;NF;NF;NF;NF;NF;NF;NF;NF;NF;NF;NF;NF;NF;NF;NF;NF;NF;NF;NF;NF;0;NF;NF;NF;NF;NF;NF;NF;NF;NF;NF;NF;NF;NF;NF;NF;NF;NF;NF;NF;NF;NF;NF;NF;NF;NF;NF;NF;NF;NF;NF;NF;NF;NF;NF;
W109;Arthropoda;Insecta;Hemiptera;Saldidae;Saldinae;Saldula;Saldula saltatoria;;NF;NF;NF;NF;NF;NF;2;1;0;0;0;0;"47;m";0;3;0;0;0;0;47;0;0;3;0;0;a;3;0;0;0;0;7;3;0;7;0;0;0;0;3;0;48;2;0;0;1;0;2;0;0;0;179;0;3;0;0;0;0;47, 48;0;3;0;0;47;2;2;0;0;47, 48;0;3;0;0;0;48;NF;NF;NF;NF;NF;NF;NF;NF;NF;NF;NF;NF;NF;NF;NF;NF;NF;NF;NF;NF;NF;1;NF;0;2;47, 48;1;2;1;0;0;47;
W110;Arthropoda;Insecta;Hemiptera;Veliidae;Microveliinae;Microvelia;;;0;0;0;0;3;23, 48;3;0;0;0;0;0;23;3;0;0;0;0;0;47;0;0;3;0;0;180;3;0;0;0;0;"7;d";3;0;7;0;0;0;0;3;0;23;1;1;0;0;0;0;0;0;2;23, 48;0;3;0;0;0;0;23;0;3;0;0;48;0;0;3;0;48;0;0;0;0;3;48;NF;NF;NF;NF;NF;NF;NF;NF;NF;NF;NF;NF;NF;NF;NF;NF;NF;NF;NF;NF;NF;0;NF;0;3;48;0;3;0;0;0;48;
W111;Arthropoda;Insecta;Hymenoptera;Formicidae;;;;16,17,21;0;2;2;0;0;213;1;1;1;2;2;1;214;0;3;0;0;0;0;214;NF;NF;NF;NF;NF;NF;3;0;0;0;0;215;3;0;216;0;1;0;0;1;2;217;1;0;2;1;2;0;1;0;0;"217;215";1;0;2;0;0;2;215;NF;NF;NF;NF;NF;NF;NF;NF;NF;NF;2;0;2;0;0;"215;217";NF;NF;NF;NF;NF;NF;NF;NF;NF;NF;NF;NF;NF;NF;NF;NF;NF;NF;NF;NF;NF;NF;NF;NF;NF;NF;NF;NF;NF;NF;NF;NF;
W112;Arthropoda;Insecta;Hymenoptera;Formicidae;Formicinae;Lasius;Lasius psammophilus;213;0;2;2;0;0;213;1;1;1;2;2;1;214;0;3;0;0;0;0;214;NF;NF;NF;NF;NF;NF;3;0;0;0;0;215;3;0;216;0;1;0;0;1;2;217;1;0;2;1;2;0;1;0;0;"217;215";1;0;2;0;0;2;215;NF;NF;NF;NF;NF;NF;NF;NF;NF;NF;2;0;2;0;0;"215;217";NF;NF;NF;NF;NF;NF;NF;NF;NF;NF;NF;NF;NF;NF;NF;NF;NF;NF;NF;NF;NF;NF;NF;NF;NF;NF;NF;NF;NF;NF;NF;NF;
W113;Arthropoda;Diplopoda;Julida;Julidae;;;;14,16;2;2;1;0;0;223;1;2;1;0;0;0;224;0;0;2;1;0;0;224;NF;NF;NF;NF;NF;NF;1;2;0;0;0;225;0;3;225;0;2;1;0;0;0;225;1;0;2;0;2;0;0;0;0;223;0;0;3;0;0;0;"222;e";NF;NF;NF;NF;NF;NF;NF;NF;NF;NF;2;2;0;0;0;"222;e";NF;NF;NF;NF;NF;NF;NF;NF;NF;NF;NF;NF;NF;NF;NF;NF;NF;NF;NF;NF;NF;NF;NF;NF;NF;NF;NF;NF;NF;NF;NF;NF;Cylindroiulus latestriatus
W114;Arthropoda;Chilopoda;Lithobiomorpha;Lithobiidae;Lithobiinae;Lithobius;;14;2;2;0;0;0;218;2;2;1;0;0;0;14;0;0;1;2;0;0;219;NF;NF;NF;NF;NF;NF;3;0;0;0;0;220;0;3;221;0;0;0;0;3;0;221;2;0;1;0;0;0;0;0;0;221;0;0;2;0;0;1;222;NF;NF;NF;NF;NF;NF;NF;NF;NF;NF;2;2;0;0;0;222;NF;NF;NF;NF;NF;NF;NF;NF;NF;NF;NF;NF;NF;NF;NF;NF;NF;NF;NF;NF;NF;NF;NF;NF;NF;NF;NF;NF;NF;NF;NF;NF;Lithobius forficatus
W115;Mollusca;Bivalvia;Mytilida;Mytilidae;Mytilinae;Mytilus;Mytilus edulis;;NF;NF;NF;NF;NF;NF;NF;NF;NF;NF;NF;NF;NF;NF;NF;NF;NF;NF;NF;NF;NF;NF;NF;NF;NF;NF;NF;NF;NF;NF;NF;NF;NF;NF;NF;NF;NF;NF;NF;NF;NF;NF;NF;NF;NF;NF;NF;NF;NF;NF;NF;NF;NF;NF;NF;NF;NF;NF;NF;NF;NF;NF;NF;NF;NF;NF;NF;NF;NF;NF;NF;NF;0;NF;NF;NF;NF;NF;NF;NF;NF;NF;NF;NF;NF;NF;NF;NF;NF;NF;NF;NF;NF;NF;NF;NF;NF;NF;NF;NF;NF;NF;NF;NF;NF;NF;NF;
W116;Arthropoda;Arachnida;Opiliones;Phalangiidae;;;;16,17;NF;NF;NF;NF;NF;NF;NF;NF;NF;NF;NF;NF;NF;NF;NF;NF;NF;NF;NF;NF;NF;NF;NF;NF;NF;NF;NF;NF;NF;NF;NF;NF;NF;NF;NF;NF;NF;NF;NF;NF;NF;NF;NF;NF;NF;NF;NF;NF;NF;NF;NF;NF;NF;NF;NF;NF;NF;NF;NF;NF;NF;NF;NF;NF;NF;NF;NF;NF;NF;NF;NF;NF;0;NF;NF;NF;NF;NF;NF;NF;NF;NF;NF;NF;NF;NF;NF;NF;NF;NF;NF;NF;NF;NF;NF;NF;NF;NF;NF;NF;NF;NF;NF;NF;NF;NF;NF;
W117;Arthropoda;Insecta;Orthoptera;Acrididae;;;;14,16;NF;NF;NF;NF;NF;NF;NF;NF;NF;NF;NF;NF;NF;NF;NF;NF;NF;NF;NF;NF;NF;NF;NF;NF;NF;NF;NF;NF;NF;NF;NF;NF;NF;NF;NF;NF;NF;NF;NF;NF;NF;NF;NF;NF;NF;NF;NF;NF;NF;NF;NF;NF;NF;NF;NF;NF;NF;NF;NF;NF;NF;NF;NF;NF;NF;NF;NF;NF;NF;NF;NF;NF;0;NF;NF;NF;NF;NF;NF;NF;NF;NF;NF;NF;NF;NF;NF;NF;NF;NF;NF;NF;NF;NF;NF;NF;NF;NF;NF;NF;NF;NF;NF;NF;NF;NF;NF;
W118;Arthropoda;Insecta;Orthoptera;Tetrigidae;Tetriginae;Tetrix;Tetrix subulata;;1;2;0;1;0;184;3;0;0;0;0;0;185, 184;0;0;3;0;0;0;184;NF;NF;NF;NF;NF;NF;0;0;0;0;3;184;3;0;187;2;2;1;0;0;0;188;1;1;0;2;0;2;0;0;1;185;0;0;3;0;0;0;184;NF;NF;NF;NF;NF;NF;NF;NF;NF;NF;2;0;0;0;1;184;NF;NF;NF;NF;NF;NF;NF;NF;NF;NF;NF;NF;NF;NF;NF;NF;NF;NF;NF;NF;NF;NF;NF;NF;NF;NF;NF;NF;NF;NF;NF;NF;
W119;Arthropoda;Collembola;Poduromorpha;Neanuridae;Pseudachorutinae;Anurida;Anurida maritima;;1;2;2;0;1;192, 193, 194;2;2;0;0;0;0;195;1;2;0;0;0;0;196;NF;NF;NF;NF;NF;NF;0;0;2;1;0;195;2;1;193;0;3;0;0;0;0;196;2;0;1;0;1;0;1;0;0;196;0;0;3;0;0;0;196;NF;NF;NF;NF;NF;NF;NF;NF;NF;NF;2;1;2;0;1;196;NF;NF;NF;NF;NF;NF;NF;NF;NF;NF;NF;NF;NF;NF;NF;NF;NF;NF;NF;NF;NF;NF;NF;NF;NF;NF;NF;NF;NF;NF;NF;NF;
W120;Arthropoda;Arachnida;Pseudoscorpiones;Cheliferidae;Cheliferinae;Dactylochelifer;Dactylochelifer latreillii;16,19,21;2;1;0;2;0;189;2;1;0;0;0;0;189;0;3;0;0;0;0;190;NF;NF;NF;NF;NF;NF;2;0;1;0;0;191;1;2;190;0;0;0;0;3;0;189;2;1;0;0;0;0;0;0;0;189;0;0;0;2;0;2;192;NF;NF;NF;NF;NF;NF;NF;NF;NF;NF;1;2;0;0;2;189, 191;NF;NF;NF;NF;NF;NF;NF;NF;NF;NF;NF;NF;NF;NF;NF;NF;NF;NF;NF;NF;NF;NF;NF;NF;NF;NF;NF;NF;NF;NF;NF;NF;
W121;Arthropoda;Insecta;Psocodea;;;;;;NF;NF;NF;NF;NF;NF;NF;NF;NF;NF;NF;NF;NF;NF;NF;NF;NF;NF;NF;NF;NF;NF;NF;NF;NF;NF;NF;NF;NF;NF;NF;NF;NF;NF;NF;NF;NF;NF;NF;NF;NF;NF;NF;NF;NF;NF;NF;NF;NF;NF;NF;NF;NF;NF;NF;NF;NF;NF;NF;NF;NF;NF;NF;NF;NF;NF;NF;NF;NF;NF;NF;NF;0;NF;NF;NF;NF;NF;NF;NF;NF;NF;NF;NF;NF;NF;NF;NF;NF;NF;NF;NF;NF;NF;NF;NF;NF;NF;NF;NF;NF;NF;NF;NF;NF;NF;NF;
W122;Mollusca;Gastropoda;Stylommatophora;Geomitridae;Geomitrinae;Xeroplexa;Xeroplexa intersecta;;NF;NF;NF;NF;NF;NF;NF;NF;NF;NF;NF;NF;NF;NF;NF;NF;NF;NF;NF;NF;NF;NF;NF;NF;NF;NF;NF;NF;NF;NF;NF;NF;NF;NF;NF;NF;NF;NF;NF;NF;NF;NF;NF;NF;NF;NF;NF;NF;NF;NF;NF;NF;NF;NF;NF;NF;NF;NF;NF;NF;NF;NF;NF;NF;NF;NF;NF;NF;NF;NF;NF;NF;0;NF;NF;NF;NF;NF;NF;NF;NF;NF;NF;NF;NF;NF;NF;NF;NF;NF;NF;NF;NF;NF;NF;NF;NF;NF;NF;NF;NF;NF;NF;NF;NF;NF;NF;
W123;Mollusca;Gastropoda;Stylommatophora;Helicidae;Helicinae;Cepaea;Cepaea nemoralis;;NF;NF;NF;NF;NF;NF;NF;NF;NF;NF;NF;NF;NF;NF;NF;NF;NF;NF;NF;NF;NF;NF;NF;NF;NF;NF;NF;NF;NF;NF;NF;NF;NF;NF;NF;NF;NF;NF;NF;NF;NF;NF;NF;NF;NF;NF;NF;NF;NF;NF;NF;NF;NF;NF;NF;NF;NF;NF;NF;NF;NF;NF;NF;NF;NF;NF;NF;NF;NF;NF;NF;NF;0;NF;NF;NF;NF;NF;NF;NF;NF;NF;NF;NF;NF;NF;NF;NF;NF;NF;NF;NF;NF;NF;NF;NF;NF;NF;NF;NF;NF;NF;NF;NF;NF;NF;NF;
W124;Arthropoda;Insecta;Thysanoptera;Phlaeothripidae;;;;21;NF;NF;NF;NF;NF;NF;NF;NF;NF;NF;NF;NF;NF;NF;NF;NF;NF;NF;NF;NF;NF;NF;NF;NF;NF;NF;NF;NF;NF;NF;NF;NF;NF;NF;NF;NF;NF;NF;NF;NF;NF;NF;NF;NF;NF;NF;NF;NF;NF;NF;NF;NF;NF;NF;NF;NF;NF;NF;NF;NF;NF;NF;NF;NF;NF;NF;NF;NF;NF;NF;NF;NF;0;NF;NF;NF;NF;NF;NF;NF;NF;NF;NF;NF;NF;NF;NF;NF;NF;NF;NF;NF;NF;NF;NF;NF;NF;NF;NF;NF;NF;NF;NF;NF;NF;NF;NF;
W125;Arthropoda;Insecta;Thysanoptera;Thripidae;;;;17,21;NF;NF;NF;NF;NF;NF;NF;NF;NF;NF;NF;NF;NF;NF;NF;NF;NF;NF;NF;NF;NF;NF;NF;NF;NF;NF;NF;NF;NF;NF;NF;NF;NF;NF;NF;NF;NF;NF;NF;NF;NF;NF;NF;NF;NF;NF;NF;NF;NF;NF;NF;NF;NF;NF;NF;NF;NF;NF;NF;NF;NF;NF;NF;NF;NF;NF;NF;NF;NF;NF;NF;NF;0;NF;NF;NF;NF;NF;NF;NF;NF;NF;NF;NF;NF;NF;NF;NF;NF;NF;NF;NF;NF;NF;NF;NF;NF;NF;NF;NF;NF;NF;NF;NF;NF;NF;NF;
;;;;;;;;;;;;;;;;;;;;;;;;;;;;;;;;;;;;;;;;;;;;;;;;;;;;;;;;;;;;;;;;;;;;;;;;;;;;;;;;;;;;;;;;;;;;;;;;;;;;;;;;;;;;;;;;;;;;
;;;;;;;;;;;;;;;;;;;;;;;;;;;;;;;;;;;;;;;;;;;;;;;;;;;;;;;;;;;;;;;;;;;;;;;;;;;;;;;;;;;;;;;;;;;;;;;;;;;;;;;;;;;;;;;;;;;;
;;;;;;;;;;;;;;;;;;;;;;;;;;;;;;;;;;;;;;;;;;;;;;;;;;;;;;;;;;;;;;;;;;;;;;;;;;;;;;;;;;;;;;;;;;;;;;;;;;;;;;;;;;;;;;;;;;;;
;;;;;;;;;;;;;;;;;;;;;;;;;;;;;;;;;;;;;;;;;;;;;;;;;;;;;;;;;;;;;;;;;;;;;;;;;;;;;;;;;;;;;;;;;;;;;;;;;;;;;;;;;;;;;;;;;;;;
;;;;;;;;;;;;;;;;;;;;;;;;;;;;;;;;;;;;;;;;;;;;;;;;;;;;;;;;;;;;;;;;;;;;;;;;;;;;;;;;;;;;;;;;;;;;;;;;;;;;;;;;;;;;;;;;;;;;
;;;;;;;;;;;;;;;;;;;;;;;;;;;;;;;;;;;;;;;;;;;;;;;;;;;;;;;;;;;;;;;;;;;;;;;;;;;;;;;;;;;;;;;;;;;;;;;;;;;;;;;;;;;;;;;;;;;;
;;;;;;;;;;;;;;;;;;;;;;;;;;;;;;;;;;;;;;;;;;;;;;;;;;;;;;;;;;;;;;;;;;;;;;;;;;;;;;;;;;;;;;;;;;;;;;;;;;;;;;;;;;;;;;;;;;;;
;;;;;;;;;;;;;;;;;;;;;;;;;;;;;;;;;;;;;;;;;;;;;;;;;;;;;;;;;;;;;;;;;;;;;;;;;;;;;;;;;;;;;;;;;;;;;;;;;;;;;;;;;;;;;;;;;;;;
;;;;;;;;;;;;;;;;;;;;;;;;;;;;;;;;;;;;;;;;;;;;;;;;;;;;;;;;;;;;;;;;;;;;;;;;;;;;;;;;;;;;;;;;;;;;;;;;;;;;;;;;;;;;;;;;;;;;
;;;;;;;;;;;;;;;;;;;;;;;;;;;;;;;;;;;;;;;;;;;;;;;;;;;;;;;;;;;;;;;;;;;;;;;;;;;;;;;;;;;;;;;;;;;;;;;;;;;;;;;;;;;;;;;;;;;;
;;;;;;;;;;;;;;;;;;;;;;;;;;;;;;;;;;;;;;;;;;;;;;;;;;;;;;;;;;;;;;;;;;;;;;;;;;;;;;;;;;;;;;;;;;;;;;;;;;;;;;;;;;;;;;;;;;;;
;;;;;;;;;;;;;;;;;;;;;;;;;;;;;;;;;;;;;;;;;;;;;;;;;;;;;;;;;;;;;;;;;;;;;;;;;;;;;;;;;;;;;;;;;;;;;;;;;;;;;;;;;;;;;;;;;;;;
;;;;;;;;;;;;;;;;;;;;;;;;;;;;;;;;;;;;;;;;;;;;;;;;;;;;;;;;;;;;;;;;;;;;;;;;;;;;;;;;;;;;;;;;;;;;;;;;;;;;;;;;;;;;;;;;;;;;
;;;;;;;;;;;;;;;;;;;;;;;;;;;;;;;;;;;;;;;;;;;;;;;;;;;;;;;;;;;;;;;;;;;;;;;;;;;;;;;;;;;;;;;;;;;;;;;;;;;;;;;;;;;;;;;;;;;;
;;;;;;;;;;;;;;;;;;;;;;;;;;;;;;;;;;;;;;;;;;;;;;;;;;;;;;;;;;;;;;;;;;;;;;;;;;;;;;;;;;;;;;;;;;;;;;;;;;;;;;;;;;;;;;;;;;;;
;;;;;;;;;;;;;;;;;;;;;;;;;;;;;;;;;;;;;;;;;;;;;;;;;;;;;;;;;;;;;;;;;;;;;;;;;;;;;;;;;;;;;;;;;;;;;;;;;;;;;;;;;;;;;;;;;;;;
;;;;;;;;;;;;;;;;;;;;;;;;;;;;;;;;;;;;;;;;;;;;;;;;;;;;;;;;;;;;;;;;;;;;;;;;;;;;;;;;;;;;;;;;;;;;;;;;;;;;;;;;;;;;;;;;;;;;
;;;;;;;;;;;;;;;;;;;;;;;;;;;;;;;;;;;;;;;;;;;;;;;;;;;;;;;;;;;;;;;;;;;;;;;;;;;;;;;;;;;;;;;;;;;;;;;;;;;;;;;;;;;;;;;;;;;;
;;;;;;;;;;;;;;;;;;;;;;;;;;;;;;;;;;;;;;;;;;;;;;;;;;;;;;;;;;;;;;;;;;;;;;;;;;;;;;;;;;;;;;;;;;;;;;;;;;;;;;;;;;;;;;;;;;;;
;;;;;;;;;;;;;;;;;;;;;;;;;;;;;;;;;;;;;;;;;;;;;;;;;;;;;;;;;;;;;;;;;;;;;;;;;;;;;;;;;;;;;;;;;;;;;;;;;;;;;;;;;;;;;;;;;;;;
;;;;;;;;;;;;;;;;;;;;;;;;;;;;;;;;;;;;;;;;;;;;;;;;;;;;;;;;;;;;;;;;;;;;;;;;;;;;;;;;;;;;;;;;;;;;;;;;;;;;;;;;;;;;;;;;;;;;
;;;;;;;;;;;;;;;;;;;;;;;;;;;;;;;;;;;;;;;;;;;;;;;;;;;;;;;;;;;;;;;;;;;;;;;;;;;;;;;;;;;;;;;;;;;;;;;;;;;;;;;;;;;;;;;;;;;;
;;;;;;;;;;;;;;;;;;;;;;;;;;;;;;;;;;;;;;;;;;;;;;;;;;;;;;;;;;;;;;;;;;;;;;;;;;;;;;;;;;;;;;;;;;;;;;;;;;;;;;;;;;;;;;;;;;;;
;;;;;;;;;;;;;;;;;;;;;;;;;;;;;;;;;;;;;;;;;;;;;;;;;;;;;;;;;;;;;;;;;;;;;;;;;;;;;;;;;;;;;;;;;;;;;;;;;;;;;;;;;;;;;;;;;;;;
;;;;;;;;;;;;;;;;;;;;;;;;;;;;;;;;;;;;;;;;;;;;;;;;;;;;;;;;;;;;;;;;;;;;;;;;;;;;;;;;;;;;;;;;;;;;;;;;;;;;;;;;;;;;;;;;;;;;
;;;;;;;;;;;;;;;;;;;;;;;;;;;;;;;;;;;;;;;;;;;;;;;;;;;;;;;;;;;;;;;;;;;;;;;;;;;;;;;;;;;;;;;;;;;;;;;;;;;;;;;;;;;;;;;;;;;;
;;;;;;;;;;;;;;;;;;;;;;;;;;;;;;;;;;;;;;;;;;;;;;;;;;;;;;;;;;;;;;;;;;;;;;;;;;;;;;;;;;;;;;;;;;;;;;;;;;;;;;;;;;;;;;;;;;;;
;;;;;;;;;;;;;;;;;;;;;;;;;;;;;;;;;;;;;;;;;;;;;;;;;;;;;;;;;;;;;;;;;;;;;;;;;;;;;;;;;;;;;;;;;;;;;;;;;;;;;;;;;;;;;;;;;;;;
;;;;;;;;;;;;;;;;;;;;;;;;;;;;;;;;;;;;;;;;;;;;;;;;;;;;;;;;;;;;;;;;;;;;;;;;;;;;;;;;;;;;;;;;;;;;;;;;;;;;;;;;;;;;;;;;;;;;
;;;;;;;;;;;;;;;;;;;;;;;;;;;;;;;;;;;;;;;;;;;;;;;;;;;;;;;;;;;;;;;;;;;;;;;;;;;;;;;;;;;;;;;;;;;;;;;;;;;;;;;;;;;;;;;;;;;;
;;;;;;;;;;;;;;;;;;;;;;;;;;;;;;;;;;;;;;;;;;;;;;;;;;;;;;;;;;;;;;;;;;;;;;;;;;;;;;;;;;;;;;;;;;;;;;;;;;;;;;;;;;;;;;;;;;;;
;;;;;;;;;;;;;;;;;;;;;;;;;;;;;;;;;;;;;;;;;;;;;;;;;;;;;;;;;;;;;;;;;;;;;;;;;;;;;;;;;;;;;;;;;;;;;;;;;;;;;;;;;;;;;;;;;;;;
;;;;;;;;;;;;;;;;;;;;;;;;;;;;;;;;;;;;;;;;;;;;;;;;;;;;;;;;;;;;;;;;;;;;;;;;;;;;;;;;;;;;;;;;;;;;;;;;;;;;;;;;;;;;;;;;;;;;
;;;;;;;;;;;;;;;;;;;;;;;;;;;;;;;;;;;;;;;;;;;;;;;;;;;;;;;;;;;;;;;;;;;;;;;;;;;;;;;;;;;;;;;;;;;;;;;;;;;;;;;;;;;;;;;;;;;;
;;;;;;;;;;;;;;;;;;;;;;;;;;;;;;;;;;;;;;;;;;;;;;;;;;;;;;;;;;;;;;;;;;;;;;;;;;;;;;;;;;;;;;;;;;;;;;;;;;;;;;;;;;;;;;;;;;;;
;;;;;;;;;;;;;;;;;;;;;;;;;;;;;;;;;;;;;;;;;;;;;;;;;;;;;;;;;;;;;;;;;;;;;;;;;;;;;;;;;;;;;;;;;;;;;;;;;;;;;;;;;;;;;;;;;;;;
;;;;;;;;;;;;;;;;;;;;;;;;;;;;;;;;;;;;;;;;;;;;;;;;;;;;;;;;;;;;;;;;;;;;;;;;;;;;;;;;;;;;;;;;;;;;;;;;;;;;;;;;;;;;;;;;;;;;
;;;;;;;;;;;;;;;;;;;;;;;;;;;;;;;;;;;;;;;;;;;;;;;;;;;;;;;;;;;;;;;;;;;;;;;;;;;;;;;;;;;;;;;;;;;;;;;;;;;;;;;;;;;;;;;;;;;;
;;;;;;;;;;;;;;;;;;;;;;;;;;;;;;;;;;;;;;;;;;;;;;;;;;;;;;;;;;;;;;;;;;;;;;;;;;;;;;;;;;;;;;;;;;;;;;;;;;;;;;;;;;;;;;;;;;;;
;;;;;;;;;;;;;;;;;;;;;;;;;;;;;;;;;;;;;;;;;;;;;;;;;;;;;;;;;;;;;;;;;;;;;;;;;;;;;;;;;;;;;;;;;;;;;;;;;;;;;;;;;;;;;;;;;;;;
;;;;;;;;;;;;;;;;;;;;;;;;;;;;;;;;;;;;;;;;;;;;;;;;;;;;;;;;;;;;;;;;;;;;;;;;;;;;;;;;;;;;;;;;;;;;;;;;;;;;;;;;;;;;;;;;;;;;
;;;;;;;;;;;;;;;;;;;;;;;;;;;;;;;;;;;;;;;;;;;;;;;;;;;;;;;;;;;;;;;;;;;;;;;;;;;;;;;;;;;;;;;;;;;;;;;;;;;;;;;;;;;;;;;;;;;;
;;;;;;;;;;;;;;;;;;;;;;;;;;;;;;;;;;;;;;;;;;;;;;;;;;;;;;;;;;;;;;;;;;;;;;;;;;;;;;;;;;;;;;;;;;;;;;;;;;;;;;;;;;;;;;;;;;;;
;;;;;;;;;;;;;;;;;;;;;;;;;;;;;;;;;;;;;;;;;;;;;;;;;;;;;;;;;;;;;;;;;;;;;;;;;;;;;;;;;;;;;;;;;;;;;;;;;;;;;;;;;;;;;;;;;;;;
;;;;;;;;;;;;;;;;;;;;;;;;;;;;;;;;;;;;;;;;;;;;;;;;;;;;;;;;;;;;;;;;;;;;;;;;;;;;;;;;;;;;;;;;;;;;;;;;;;;;;;;;;;;;;;;;;;;;
;;;;;;;;;;;;;;;;;;;;;;;;;;;;;;;;;;;;;;;;;;;;;;;;;;;;;;;;;;;;;;;;;;;;;;;;;;;;;;;;;;;;;;;;;;;;;;;;;;;;;;;;;;;;;;;;;;;;
;;;;;;;;;;;;;;;;;;;;;;;;;;;;;;;;;;;;;;;;;;;;;;;;;;;;;;;;;;;;;;;;;;;;;;;;;;;;;;;;;;;;;;;;;;;;;;;;;;;;;;;;;;;;;;;;;;;;
;;;;;;;;;;;;;;;;;;;;;;;;;;;;;;;;;;;;;;;;;;;;;;;;;;;;;;;;;;;;;;;;;;;;;;;;;;;;;;;;;;;;;;;;;;;;;;;;;;;;;;;;;;;;;;;;;;;;
